Workbook

Sheet ブランド別サマリー
A1: =取込チェック!$H$3 -> POS売上 予算・前年対比（2026年9月度／前年同月 2025年9月）
A2: ブランド系統別の集計。3つの元データシートを貼り替えると全シートが自動更新されます。
A3: ■ PB合計（予算・前年対比）
A4: ブランド系統 | B4: 店舗数 | C4: 売上金額 | D4: 売上構成比 | E4: 予算金額 | F4: 予算達成率 | G4: 予算差額 | H4: 前年売上金額 | I4: 前年対比 | J4: 前年差額
A5: アルチビオ | B5: =COUNTIFS(店舗マスタ!$E$5:$E$304,$A5,店舗マスタ!$F$5:$F$304,1) -> 11 | C5: =SUMIFS(店舗マスタ!$G$5:$G$304,店舗マスタ!$E$5:$E$304,$A5) -> 21514701 | D5: =IF($C$9=0,"-",C5/$C$9) -> 0.19534312 | E5: =SUMIFS(店舗マスタ!$H$5:$H$304,店舗マスタ!$E$5:$E$304,$A5) -> 26854000 | F5: =IF(E5=0,"-",C5/E5) -> 0.80117305 | G5: =C5-E5 -> -5339299 | H5: =SUMIFS(店舗マスタ!$I$5:$I$304,店舗マスタ!$E$5:$E$304,$A5) -> 24125211 | I5: =IF(H5=0,"-",C5/H5) -> 0.89179328 | J5: =C5-H5 -> -2610510
A6: スタジオピッコーネ／ピッコーネクラブ | B6: =COUNTIFS(店舗マスタ!$E$5:$E$304,$A6,店舗マスタ!$F$5:$F$304,1) -> 23 | C6: =SUMIFS(店舗マスタ!$G$5:$G$304,店舗マスタ!$E$5:$E$304,$A6) -> 58463370 | D6: =IF($C$9=0,"-",C6/$C$9) -> 0.53081923 | E6: =SUMIFS(店舗マスタ!$H$5:$H$304,店舗マスタ!$E$5:$E$304,$A6) -> 71383000 | F6: =IF(E6=0,"-",C6/E6) -> 0.81900971 | G6: =C6-E6 -> -12919630 | H6: =SUMIFS(店舗マスタ!$I$5:$I$304,店舗マスタ!$E$5:$E$304,$A6) -> 59754000 | I6: =IF(H6=0,"-",C6/H6) -> 0.97840094 | J6: =C6-H6 -> -1290630
A7: ピッコーネ | B7: =COUNTIFS(店舗マスタ!$E$5:$E$304,$A7,店舗マスタ!$F$5:$F$304,1) -> 5 | C7: =SUMIFS(店舗マスタ!$G$5:$G$304,店舗マスタ!$E$5:$E$304,$A7) -> 16191756 | D7: =IF($C$9=0,"-",C7/$C$9) -> 0.14701334 | E7: =SUMIFS(店舗マスタ!$H$5:$H$304,店舗マスタ!$E$5:$E$304,$A7) -> 15550000 | F7: =IF(E7=0,"-",C7/E7) -> 1.0412705 | G7: =C7-E7 -> 641756 | H7: =SUMIFS(店舗マスタ!$I$5:$I$304,店舗マスタ!$E$5:$E$304,$A7) -> 13628859 | I7: =IF(H7=0,"-",C7/H7) -> 1.1880493 | J7: =C7-H7 -> 2562897
A8: 複合（アルチビオ＋ピッコーネ系） | B8: =COUNTIFS(店舗マスタ!$E$5:$E$304,$A8,店舗マスタ!$F$5:$F$304,1) -> 5 | C8: =SUMIFS(店舗マスタ!$G$5:$G$304,店舗マスタ!$E$5:$E$304,$A8) -> 13968177 | D8: =IF($C$9=0,"-",C8/$C$9) -> 0.12682432 | E8: =SUMIFS(店舗マスタ!$H$5:$H$304,店舗マスタ!$E$5:$E$304,$A8) -> 17840000 | F8: =IF(E8=0,"-",C8/E8) -> 0.78296956 | G8: =C8-E8 -> -3871823 | H8: =SUMIFS(店舗マスタ!$I$5:$I$304,店舗マスタ!$E$5:$E$304,$A8) -> 14941710 | I8: =IF(H8=0,"-",C8/H8) -> 0.93484461 | J8: =C8-H8 -> -973533
A9: 合計 | B9: =SUM(B5:B8) -> 44 | C9: =SUM(C5:C8) -> 110138004 | D9: =IF($C$9=0,"-",C9/$C$9) -> 1 | E9: =SUM(E5:E8) -> 131627000 | F9: =IF(E9=0,"-",C9/E9) -> 0.83674325 | G9: =C9-E9 -> -21488996 | H9: =SUM(H5:H8) -> 112449780 | I9: =IF(H9=0,"-",C9/H9) -> 0.9794417 | J9: =C9-H9 -> -2311776
A11: ■ PB内訳（P：プロパー／B：バーゲン）
A12: ブランド系統 | B12: PB合計売上 | C12: P売上 | D12: B売上 | E12: B比率 | F12: PB前年売上 | G12: P前年売上 | H12: B前年売上 | I12: P前年対比 | J12: B前年対比
A13: =A5 -> アルチビオ | B13: =C5 -> 21514701 | C13: =IF(取込チェック!$K$3=0,"",SUMIFS(店舗マスタ!$P$5:$P$304,店舗マスタ!$E$5:$E$304,$A13)) -> 16221041 | D13: =IF(C13="","",B13-C13) -> 5293660 | E13: =IF(D13="","",IF(B13=0,"-",D13/B13)) -> 0.2460485 | F13: =H5 -> 24125211 | G13: =IF(取込チェック!$K$3=0,"",SUMIFS(店舗マスタ!$Q$5:$Q$304,店舗マスタ!$E$5:$E$304,$A13)) -> 18543471 | H13: =IF(G13="","",F13-G13) -> 5581740 | I13: =IF(C13="","",IF(G13=0,"-",C13/G13)) -> 0.87475754 | J13: =IF(D13="","",IF(H13=0,"-",D13/H13)) -> 0.94838885
A14: =A6 -> スタジオピッコーネ／ピッコーネクラブ | B14: =C6 -> 58463370 | C14: =IF(取込チェック!$K$3=0,"",SUMIFS(店舗マスタ!$P$5:$P$304,店舗マスタ!$E$5:$E$304,$A14)) -> 54359840 | D14: =IF(C14="","",B14-C14) -> 4103530 | E14: =IF(D14="","",IF(B14=0,"-",D14/B14)) -> 0.070189762 | F14: =H6 -> 59754000 | G14: =IF(取込チェック!$K$3=0,"",SUMIFS(店舗マスタ!$Q$5:$Q$304,店舗マスタ!$E$5:$E$304,$A14)) -> 56165000 | H14: =IF(G14="","",F14-G14) -> 3589000 | I14: =IF(C14="","",IF(G14=0,"-",C14/G14)) -> 0.9678597 | J14: =IF(D14="","",IF(H14=0,"-",D14/H14)) -> 1.1433631
A15: =A7 -> ピッコーネ | B15: =C7 -> 16191756 | C15: =IF(取込チェック!$K$3=0,"",SUMIFS(店舗マスタ!$P$5:$P$304,店舗マスタ!$E$5:$E$304,$A15)) -> 7486916 | D15: =IF(C15="","",B15-C15) -> 8704840 | E15: =IF(D15="","",IF(B15=0,"-",D15/B15)) -> 0.53760939 | F15: =H7 -> 13628859 | G15: =IF(取込チェック!$K$3=0,"",SUMIFS(店舗マスタ!$Q$5:$Q$304,店舗マスタ!$E$5:$E$304,$A15)) -> 10704513 | H15: =IF(G15="","",F15-G15) -> 2924346 | I15: =IF(C15="","",IF(G15=0,"-",C15/G15)) -> 0.69941678 | J15: =IF(D15="","",IF(H15=0,"-",D15/H15)) -> 2.9766792
A16: =A8 -> 複合（アルチビオ＋ピッコーネ系） | B16: =C8 -> 13968177 | C16: =IF(取込チェック!$K$3=0,"",SUMIFS(店舗マスタ!$P$5:$P$304,店舗マスタ!$E$5:$E$304,$A16)) -> 10146817 | D16: =IF(C16="","",B16-C16) -> 3821360 | E16: =IF(D16="","",IF(B16=0,"-",D16/B16)) -> 0.27357614 | F16: =H8 -> 14941710 | G16: =IF(取込チェック!$K$3=0,"",SUMIFS(店舗マスタ!$Q$5:$Q$304,店舗マスタ!$E$5:$E$304,$A16)) -> 12040710 | H16: =IF(G16="","",F16-G16) -> 2901000 | I16: =IF(C16="","",IF(G16=0,"-",C16/G16)) -> 0.84270919 | J16: =IF(D16="","",IF(H16=0,"-",D16/H16)) -> 1.3172561
A17: 合計 | B17: =SUM(B13:B16) -> 110138004 | C17: =IF(取込チェック!$K$3=0,"",SUM(C13:C16)) -> 88214614 | D17: =IF(C17="","",B17-C17) -> 21923390 | E17: =IF(D17="","",IF(B17=0,"-",D17/B17)) -> 0.19905382 | F17: =SUM(F13:F16) -> 112449780 | G17: =IF(取込チェック!$K$3=0,"",SUM(G13:G16)) -> 97453694 | H17: =IF(G17="","",F17-G17) -> 14996086 | I17: =IF(C17="","",IF(G17=0,"-",C17/G17)) -> 0.90519518 | J17: =IF(D17="","",IF(H17=0,"-",D17/H17)) -> 1.4619408
A19: ■ データ取込チェック | F19: ■ 毎月の更新手順
A20: PB合計：元データ合計行 − 本表（0ならOK） | B20: =IFERROR(IFERROR(INDEX(元データ_PB合計!$B:$B,MATCH("合計",元データ_PB合計!$A:$A,0)),"合計行なし")-C9,"合計行なし") -> 0 | F20: ① POSCMの出力ファイル（PB合計・P・Bの3シート）を開く
A21: P：元データ合計行 − 本表（0ならOK） | B21: =IF(取込チェック!$K$3=0,"未貼付",IFERROR(IFERROR(INDEX(元データ_P!$B:$B,MATCH("合計",元データ_P!$A:$A,0)),"合計行なし")-C17,"合計行なし")) -> 0 | F21: ② 「PB合計」シートで全選択コピー（Ctrl+A → Ctrl+C）
A22: B：元データ合計行 − 本表（0ならOK） | B22: =IF(取込チェック!$K$3=0,"未貼付",IFERROR(IFERROR(INDEX(元データ_B!$B:$B,MATCH("合計",元データ_B!$A:$A,0)),"合計行なし")-D17,"合計行なし")) -> 0 | F22: ③ このファイルの「元データ_PB合計」を全選択して削除し、A1に貼り付け
A23: 3シートの対象月が一致 | B23: =IF(取込チェック!$K$3=0,"未貼付",IF(AND(元データ_PB合計!$B$1=元データ_P!$B$1,元データ_PB合計!$B$1=元データ_B!$B$1),"OK","不一致：貼り付けた月を確認")) -> OK | F23: ④ 同様に「P」→「元データ_P」、「B」→「元データ_B」に貼り付け
A24: 未登録の店舗数（0ならOK） | B24: =COUNTIF(取込チェック!$G$6:$G$505,"未登録*")+COUNTIF(取込チェック!$N$6:$N$505,"未登録*")+COUNTIF(取込チェック!$U$6:$U$505,"未登録*") -> 0 | F24: ⑤ 「総合判定」がOKなら完了（タイトルの年月も自動更新）
A25: 明細シートの予備枠 | B25: =IF(OR(B5>14,B6>26,B7>8,B8>8),"不足：明細の枠を追加してください","OK") -> OK | F25: ⑥ 「未登録」が出たら、取込チェックの赤い行を見て店舗マスタに追加
A26: 総合判定 | B26: =IF(AND(N(B20)=0,ISNUMBER(B20),OR(B21="未貼付",B21=0),OR(B22="未貼付",B22=0),OR(B23="OK",B23="未貼付"),B24=0,B25="OK"),IF(取込チェック!$K$3=0,"OK（PB合計のみ。P/B未貼付）","OK：集計は元データと一致しています"),"要確認：上の項目と取込チェックシートを確認") -> OK：集計は元データと一致しています | F26: ※ 元データシートの名前は変えないでください。
A27: （参考）マスタ登録済で今月データなしの店舗数 | B27: =COUNTIFS(店舗マスタ!$B$5:$B$304,"<>",店舗マスタ!$F$5:$F$304,0) -> 0 | F27: ※ PB合計だけ貼った場合も、PB内訳以外は更新されます。
A28: （参考）Bシートにない前年B売上（PB−Pで補完） | B28: =IF(取込チェック!$K$3=0,"-",H17-IFERROR(INDEX(元データ_B!$F:$F,MATCH("合計",元データ_B!$A:$A,0)),0)) -> 668100

Sheet PB内訳
A1: =取込チェック!$H$3&" PB内訳" -> POS売上 予算・前年対比（2026年9月度／前年同月 2025年9月） PB内訳
A2: PB合計 = P（プロパー）＋ B（バーゲン）。B = PB合計 − P で計算。予算はPB合計に対する予算のみ（P・B別の予算は元データになし）。ブランド系統ごとに店舗コード順。
A4: 店舗 | D4: 当月売上 | H4: 予算（PB合計） | J4: 前年売上 | M4: 前年対比
A5: ブランド系統 | B5: 店舗コード | C5: 施設・店舗名 | D5: PB合計 | E5: P（プロパー） | F5: B（バーゲン） | G5: B比率 | H5: 予算金額 | I5: PB達成率 | J5: PB合計 | K5: P（プロパー） | L5: B（バーゲン） | M5: PB合計 | N5: P（プロパー） | O5: B（バーゲン）
A6: =IF($B6="","","アルチビオ") -> アルチビオ | B6: =IFERROR(INDEX(店舗マスタ!$B$5:$B$304,MATCH("アルチビオ|1",店舗マスタ!$L$5:$L$304,0)),"") -> 32570100 | C6: =IF($B6="","",INDEX(店舗マスタ!$C$5:$C$304,MATCH($B6,店舗マスタ!$B$5:$B$304,0))) -> 高島屋大阪店 | D6: =IF($B6="","",INDEX(店舗マスタ!$G$5:$G$304,MATCH($B6,店舗マスタ!$B$5:$B$304,0))) -> 2048565 | E6: =IF($B6="","",INDEX(店舗マスタ!$P$5:$P$304,MATCH($B6,店舗マスタ!$B$5:$B$304,0))) -> 1959835 | F6: =IF($B6="","",INDEX(店舗マスタ!$R$5:$R$304,MATCH($B6,店舗マスタ!$B$5:$B$304,0))) -> 88730 | G6: =IF(OR($B6="",F6=""),"",IF(D6=0,"-",F6/D6)) -> 0.043313246 | H6: =IF($B6="","",INDEX(店舗マスタ!$H$5:$H$304,MATCH($B6,店舗マスタ!$B$5:$B$304,0))) -> 2150000 | I6: =IF($B6="","",IF(H6=0,"-",D6/H6)) -> 0.95282093 | J6: =IF($B6="","",INDEX(店舗マスタ!$I$5:$I$304,MATCH($B6,店舗マスタ!$B$5:$B$304,0))) -> 2098500 | K6: =IF($B6="","",INDEX(店舗マスタ!$Q$5:$Q$304,MATCH($B6,店舗マスタ!$B$5:$B$304,0))) -> 1916000 | L6: =IF($B6="","",INDEX(店舗マスタ!$S$5:$S$304,MATCH($B6,店舗マスタ!$B$5:$B$304,0))) -> 182500 | M6: =IF(OR($B6="",D6=""),"",IF(N(J6)=0,"前年なし",D6/J6)) -> 0.97620443 | N6: =IF(OR($B6="",E6=""),"",IF(N(K6)=0,"前年なし",E6/K6)) -> 1.0228784 | O6: =IF(OR($B6="",F6=""),"",IF(N(L6)=0,"前年なし",F6/L6)) -> 0.48619178
A7: =IF($B7="","","アルチビオ") -> アルチビオ | B7: =IFERROR(INDEX(店舗マスタ!$B$5:$B$304,MATCH("アルチビオ|2",店舗マスタ!$L$5:$L$304,0)),"") -> 32571600 | C7: =IF($B7="","",INDEX(店舗マスタ!$C$5:$C$304,MATCH($B7,店舗マスタ!$B$5:$B$304,0))) -> ジェイアール名古屋タカシマヤ店 | D7: =IF($B7="","",INDEX(店舗マスタ!$G$5:$G$304,MATCH($B7,店舗マスタ!$B$5:$B$304,0))) -> 3250690 | E7: =IF($B7="","",INDEX(店舗マスタ!$P$5:$P$304,MATCH($B7,店舗マスタ!$B$5:$B$304,0))) -> 2783500 | F7: =IF($B7="","",INDEX(店舗マスタ!$R$5:$R$304,MATCH($B7,店舗マスタ!$B$5:$B$304,0))) -> 467190 | G7: =IF(OR($B7="",F7=""),"",IF(D7=0,"-",F7/D7)) -> 0.14372026 | H7: =IF($B7="","",INDEX(店舗マスタ!$H$5:$H$304,MATCH($B7,店舗マスタ!$B$5:$B$304,0))) -> 3681000 | I7: =IF($B7="","",IF(H7=0,"-",D7/H7)) -> 0.8830997 | J7: =IF($B7="","",INDEX(店舗マスタ!$I$5:$I$304,MATCH($B7,店舗マスタ!$B$5:$B$304,0))) -> 3216380 | K7: =IF($B7="","",INDEX(店舗マスタ!$Q$5:$Q$304,MATCH($B7,店舗マスタ!$B$5:$B$304,0))) -> 3003000 | L7: =IF($B7="","",INDEX(店舗マスタ!$S$5:$S$304,MATCH($B7,店舗マスタ!$B$5:$B$304,0))) -> 213380 | M7: =IF(OR($B7="",D7=""),"",IF(N(J7)=0,"前年なし",D7/J7)) -> 1.0106673 | N7: =IF(OR($B7="",E7=""),"",IF(N(K7)=0,"前年なし",E7/K7)) -> 0.92690643 | O7: =IF(OR($B7="",F7=""),"",IF(N(L7)=0,"前年なし",F7/L7)) -> 2.1894742
A8: =IF($B8="","","アルチビオ") -> アルチビオ | B8: =IFERROR(INDEX(店舗マスタ!$B$5:$B$304,MATCH("アルチビオ|3",店舗マスタ!$L$5:$L$304,0)),"") -> 32580400 | C8: =IF($B8="","",INDEX(店舗マスタ!$C$5:$C$304,MATCH($B8,店舗マスタ!$B$5:$B$304,0))) -> ハービスPLAZA店 | D8: =IF($B8="","",INDEX(店舗マスタ!$G$5:$G$304,MATCH($B8,店舗マスタ!$B$5:$B$304,0))) -> 2922845 | E8: =IF($B8="","",INDEX(店舗マスタ!$P$5:$P$304,MATCH($B8,店舗マスタ!$B$5:$B$304,0))) -> 1946845 | F8: =IF($B8="","",INDEX(店舗マスタ!$R$5:$R$304,MATCH($B8,店舗マスタ!$B$5:$B$304,0))) -> 976000 | G8: =IF(OR($B8="",F8=""),"",IF(D8=0,"-",F8/D8)) -> 0.33392123 | H8: =IF($B8="","",INDEX(店舗マスタ!$H$5:$H$304,MATCH($B8,店舗マスタ!$B$5:$B$304,0))) -> 3613000 | I8: =IF($B8="","",IF(H8=0,"-",D8/H8)) -> 0.80898007 | J8: =IF($B8="","",INDEX(店舗マスタ!$I$5:$I$304,MATCH($B8,店舗マスタ!$B$5:$B$304,0))) -> 3478940 | K8: =IF($B8="","",INDEX(店舗マスタ!$Q$5:$Q$304,MATCH($B8,店舗マスタ!$B$5:$B$304,0))) -> 1717190 | L8: =IF($B8="","",INDEX(店舗マスタ!$S$5:$S$304,MATCH($B8,店舗マスタ!$B$5:$B$304,0))) -> 1761750 | M8: =IF(OR($B8="",D8=""),"",IF(N(J8)=0,"前年なし",D8/J8)) -> 0.8401539 | N8: =IF(OR($B8="",E8=""),"",IF(N(K8)=0,"前年なし",E8/K8)) -> 1.1337388 | O8: =IF(OR($B8="",F8=""),"",IF(N(L8)=0,"前年なし",F8/L8)) -> 0.55399461
A9: =IF($B9="","","アルチビオ") -> アルチビオ | B9: =IFERROR(INDEX(店舗マスタ!$B$5:$B$304,MATCH("アルチビオ|4",店舗マスタ!$L$5:$L$304,0)),"") -> 32581000 | C9: =IF($B9="","",INDEX(店舗マスタ!$C$5:$C$304,MATCH($B9,店舗マスタ!$B$5:$B$304,0))) -> 堀江店 | D9: =IF($B9="","",INDEX(店舗マスタ!$G$5:$G$304,MATCH($B9,店舗マスタ!$B$5:$B$304,0))) -> 1572240 | E9: =IF($B9="","",INDEX(店舗マスタ!$P$5:$P$304,MATCH($B9,店舗マスタ!$B$5:$B$304,0))) -> 659140 | F9: =IF($B9="","",INDEX(店舗マスタ!$R$5:$R$304,MATCH($B9,店舗マスタ!$B$5:$B$304,0))) -> 913100 | G9: =IF(OR($B9="",F9=""),"",IF(D9=0,"-",F9/D9)) -> 0.58076375 | H9: =IF($B9="","",INDEX(店舗マスタ!$H$5:$H$304,MATCH($B9,店舗マスタ!$B$5:$B$304,0))) -> 2787000 | I9: =IF($B9="","",IF(H9=0,"-",D9/H9)) -> 0.56413348 | J9: =IF($B9="","",INDEX(店舗マスタ!$I$5:$I$304,MATCH($B9,店舗マスタ!$B$5:$B$304,0))) -> 2688196 | K9: =IF($B9="","",INDEX(店舗マスタ!$Q$5:$Q$304,MATCH($B9,店舗マスタ!$B$5:$B$304,0))) -> 1676126 | L9: =IF($B9="","",INDEX(店舗マスタ!$S$5:$S$304,MATCH($B9,店舗マスタ!$B$5:$B$304,0))) -> 1012070 | M9: =IF(OR($B9="",D9=""),"",IF(N(J9)=0,"前年なし",D9/J9)) -> 0.58486807 | N9: =IF(OR($B9="",E9=""),"",IF(N(K9)=0,"前年なし",E9/K9)) -> 0.39325206 | O9: =IF(OR($B9="",F9=""),"",IF(N(L9)=0,"前年なし",F9/L9)) -> 0.90221032
A10: =IF($B10="","","アルチビオ") -> アルチビオ | B10: =IFERROR(INDEX(店舗マスタ!$B$5:$B$304,MATCH("アルチビオ|5",店舗マスタ!$L$5:$L$304,0)),"") -> 32670600 | C10: =IF($B10="","",INDEX(店舗マスタ!$C$5:$C$304,MATCH($B10,店舗マスタ!$B$5:$B$304,0))) -> 高島屋新宿店 | D10: =IF($B10="","",INDEX(店舗マスタ!$G$5:$G$304,MATCH($B10,店舗マスタ!$B$5:$B$304,0))) -> 2991974 | E10: =IF($B10="","",INDEX(店舗マスタ!$P$5:$P$304,MATCH($B10,店舗マスタ!$B$5:$B$304,0))) -> 2613574 | F10: =IF($B10="","",INDEX(店舗マスタ!$R$5:$R$304,MATCH($B10,店舗マスタ!$B$5:$B$304,0))) -> 378400 | G10: =IF(OR($B10="",F10=""),"",IF(D10=0,"-",F10/D10)) -> 0.12647169 | H10: =IF($B10="","",INDEX(店舗マスタ!$H$5:$H$304,MATCH($B10,店舗マスタ!$B$5:$B$304,0))) -> 2571000 | I10: =IF($B10="","",IF(H10=0,"-",D10/H10)) -> 1.1637394 | J10: =IF($B10="","",INDEX(店舗マスタ!$I$5:$I$304,MATCH($B10,店舗マスタ!$B$5:$B$304,0))) -> 2496485 | K10: =IF($B10="","",INDEX(店舗マスタ!$Q$5:$Q$304,MATCH($B10,店舗マスタ!$B$5:$B$304,0))) -> 2460585 | L10: =IF($B10="","",INDEX(店舗マスタ!$S$5:$S$304,MATCH($B10,店舗マスタ!$B$5:$B$304,0))) -> 35900 | M10: =IF(OR($B10="",D10=""),"",IF(N(J10)=0,"前年なし",D10/J10)) -> 1.1984747 | N10: =IF(OR($B10="",E10=""),"",IF(N(K10)=0,"前年なし",E10/K10)) -> 1.0621759 | O10: =IF(OR($B10="",F10=""),"",IF(N(L10)=0,"前年なし",F10/L10)) -> 10.54039
A11: =IF($B11="","","アルチビオ") -> アルチビオ | B11: =IFERROR(INDEX(店舗マスタ!$B$5:$B$304,MATCH("アルチビオ|6",店舗マスタ!$L$5:$L$304,0)),"") -> 32673500 | C11: =IF($B11="","",INDEX(店舗マスタ!$C$5:$C$304,MATCH($B11,店舗マスタ!$B$5:$B$304,0))) -> 日本橋三越本店 | D11: =IF($B11="","",INDEX(店舗マスタ!$G$5:$G$304,MATCH($B11,店舗マスタ!$B$5:$B$304,0))) -> 3069240 | E11: =IF($B11="","",INDEX(店舗マスタ!$P$5:$P$304,MATCH($B11,店舗マスタ!$B$5:$B$304,0))) -> 2845200 | F11: =IF($B11="","",INDEX(店舗マスタ!$R$5:$R$304,MATCH($B11,店舗マスタ!$B$5:$B$304,0))) -> 224040 | G11: =IF(OR($B11="",F11=""),"",IF(D11=0,"-",F11/D11)) -> 0.072995269 | H11: =IF($B11="","",INDEX(店舗マスタ!$H$5:$H$304,MATCH($B11,店舗マスタ!$B$5:$B$304,0))) -> 2691000 | I11: =IF($B11="","",IF(H11=0,"-",D11/H11)) -> 1.1405574 | J11: =IF($B11="","",INDEX(店舗マスタ!$I$5:$I$304,MATCH($B11,店舗マスタ!$B$5:$B$304,0))) -> 2647100 | K11: =IF($B11="","",INDEX(店舗マスタ!$Q$5:$Q$304,MATCH($B11,店舗マスタ!$B$5:$B$304,0))) -> 2619200 | L11: =IF($B11="","",INDEX(店舗マスタ!$S$5:$S$304,MATCH($B11,店舗マスタ!$B$5:$B$304,0))) -> 27900 | M11: =IF(OR($B11="",D11=""),"",IF(N(J11)=0,"前年なし",D11/J11)) -> 1.1594726 | N11: =IF(OR($B11="",E11=""),"",IF(N(K11)=0,"前年なし",E11/K11)) -> 1.0862859 | O11: =IF(OR($B11="",F11=""),"",IF(N(L11)=0,"前年なし",F11/L11)) -> 8.0301075
A12: =IF($B12="","","アルチビオ") -> アルチビオ | B12: =IFERROR(INDEX(店舗マスタ!$B$5:$B$304,MATCH("アルチビオ|7",店舗マスタ!$L$5:$L$304,0)),"") -> 32673800 | C12: =IF($B12="","",INDEX(店舗マスタ!$C$5:$C$304,MATCH($B12,店舗マスタ!$B$5:$B$304,0))) -> 高島屋横浜店 | D12: =IF($B12="","",INDEX(店舗マスタ!$G$5:$G$304,MATCH($B12,店舗マスタ!$B$5:$B$304,0))) -> 1579789 | E12: =IF($B12="","",INDEX(店舗マスタ!$P$5:$P$304,MATCH($B12,店舗マスタ!$B$5:$B$304,0))) -> 1123189 | F12: =IF($B12="","",INDEX(店舗マスタ!$R$5:$R$304,MATCH($B12,店舗マスタ!$B$5:$B$304,0))) -> 456600 | G12: =IF(OR($B12="",F12=""),"",IF(D12=0,"-",F12/D12)) -> 0.28902594 | H12: =IF($B12="","",INDEX(店舗マスタ!$H$5:$H$304,MATCH($B12,店舗マスタ!$B$5:$B$304,0))) -> 1900000 | I12: =IF($B12="","",IF(H12=0,"-",D12/H12)) -> 0.83146789 | J12: =IF($B12="","",INDEX(店舗マスタ!$I$5:$I$304,MATCH($B12,店舗マスタ!$B$5:$B$304,0))) -> 1483030 | K12: =IF($B12="","",INDEX(店舗マスタ!$Q$5:$Q$304,MATCH($B12,店舗マスタ!$B$5:$B$304,0))) -> 1314530 | L12: =IF($B12="","",INDEX(店舗マスタ!$S$5:$S$304,MATCH($B12,店舗マスタ!$B$5:$B$304,0))) -> 168500 | M12: =IF(OR($B12="",D12=""),"",IF(N(J12)=0,"前年なし",D12/J12)) -> 1.0652441 | N12: =IF(OR($B12="",E12=""),"",IF(N(K12)=0,"前年なし",E12/K12)) -> 0.85444151 | O12: =IF(OR($B12="",F12=""),"",IF(N(L12)=0,"前年なし",F12/L12)) -> 2.7097923
A13: =IF($B13="","","アルチビオ") -> アルチビオ | B13: =IFERROR(INDEX(店舗マスタ!$B$5:$B$304,MATCH("アルチビオ|8",店舗マスタ!$L$5:$L$304,0)),"") -> 32673900 | C13: =IF($B13="","",INDEX(店舗マスタ!$C$5:$C$304,MATCH($B13,店舗マスタ!$B$5:$B$304,0))) -> 高島屋高崎店 | D13: =IF($B13="","",INDEX(店舗マスタ!$G$5:$G$304,MATCH($B13,店舗マスタ!$B$5:$B$304,0))) -> 1117980 | E13: =IF($B13="","",INDEX(店舗マスタ!$P$5:$P$304,MATCH($B13,店舗マスタ!$B$5:$B$304,0))) -> 880280 | F13: =IF($B13="","",INDEX(店舗マスタ!$R$5:$R$304,MATCH($B13,店舗マスタ!$B$5:$B$304,0))) -> 237700 | G13: =IF(OR($B13="",F13=""),"",IF(D13=0,"-",F13/D13)) -> 0.21261561 | H13: =IF($B13="","",INDEX(店舗マスタ!$H$5:$H$304,MATCH($B13,店舗マスタ!$B$5:$B$304,0))) -> 1249000 | I13: =IF($B13="","",IF(H13=0,"-",D13/H13)) -> 0.89510008 | J13: =IF($B13="","",INDEX(店舗マスタ!$I$5:$I$304,MATCH($B13,店舗マスタ!$B$5:$B$304,0))) -> 1132140 | K13: =IF($B13="","",INDEX(店舗マスタ!$Q$5:$Q$304,MATCH($B13,店舗マスタ!$B$5:$B$304,0))) -> 994940 | L13: =IF($B13="","",INDEX(店舗マスタ!$S$5:$S$304,MATCH($B13,店舗マスタ!$B$5:$B$304,0))) -> 137200 | M13: =IF(OR($B13="",D13=""),"",IF(N(J13)=0,"前年なし",D13/J13)) -> 0.98749271 | N13: =IF(OR($B13="",E13=""),"",IF(N(K13)=0,"前年なし",E13/K13)) -> 0.88475687 | O13: =IF(OR($B13="",F13=""),"",IF(N(L13)=0,"前年なし",F13/L13)) -> 1.7325073
A14: =IF($B14="","","アルチビオ") -> アルチビオ | B14: =IFERROR(INDEX(店舗マスタ!$B$5:$B$304,MATCH("アルチビオ|9",店舗マスタ!$L$5:$L$304,0)),"") -> 32674400 | C14: =IF($B14="","",INDEX(店舗マスタ!$C$5:$C$304,MATCH($B14,店舗マスタ!$B$5:$B$304,0))) -> 伊勢丹浦和店 | D14: =IF($B14="","",INDEX(店舗マスタ!$G$5:$G$304,MATCH($B14,店舗マスタ!$B$5:$B$304,0))) -> 469470 | E14: =IF($B14="","",INDEX(店舗マスタ!$P$5:$P$304,MATCH($B14,店舗マスタ!$B$5:$B$304,0))) -> 206800 | F14: =IF($B14="","",INDEX(店舗マスタ!$R$5:$R$304,MATCH($B14,店舗マスタ!$B$5:$B$304,0))) -> 262670 | G14: =IF(OR($B14="",F14=""),"",IF(D14=0,"-",F14/D14)) -> 0.55950327 | H14: =IF($B14="","",INDEX(店舗マスタ!$H$5:$H$304,MATCH($B14,店舗マスタ!$B$5:$B$304,0))) -> 1100000 | I14: =IF($B14="","",IF(H14=0,"-",D14/H14)) -> 0.42679091 | J14: =IF($B14="","",INDEX(店舗マスタ!$I$5:$I$304,MATCH($B14,店舗マスタ!$B$5:$B$304,0))) -> 1083300 | K14: =IF($B14="","",INDEX(店舗マスタ!$Q$5:$Q$304,MATCH($B14,店舗マスタ!$B$5:$B$304,0))) -> 923300 | L14: =IF($B14="","",INDEX(店舗マスタ!$S$5:$S$304,MATCH($B14,店舗マスタ!$B$5:$B$304,0))) -> 160000 | M14: =IF(OR($B14="",D14=""),"",IF(N(J14)=0,"前年なし",D14/J14)) -> 0.43337026 | N14: =IF(OR($B14="",E14=""),"",IF(N(K14)=0,"前年なし",E14/K14)) -> 0.22397921 | O14: =IF(OR($B14="",F14=""),"",IF(N(L14)=0,"前年なし",F14/L14)) -> 1.6416875
A15: =IF($B15="","","アルチビオ") -> アルチビオ | B15: =IFERROR(INDEX(店舗マスタ!$B$5:$B$304,MATCH("アルチビオ|10",店舗マスタ!$L$5:$L$304,0)),"") -> 32674900 | C15: =IF($B15="","",INDEX(店舗マスタ!$C$5:$C$304,MATCH($B15,店舗マスタ!$B$5:$B$304,0))) -> 松屋銀座本店 | D15: =IF($B15="","",INDEX(店舗マスタ!$G$5:$G$304,MATCH($B15,店舗マスタ!$B$5:$B$304,0))) -> 1425313 | E15: =IF($B15="","",INDEX(店舗マスタ!$P$5:$P$304,MATCH($B15,店舗マスタ!$B$5:$B$304,0))) -> 1207333 | F15: =IF($B15="","",INDEX(店舗マスタ!$R$5:$R$304,MATCH($B15,店舗マスタ!$B$5:$B$304,0))) -> 217980 | G15: =IF(OR($B15="",F15=""),"",IF(D15=0,"-",F15/D15)) -> 0.15293483 | H15: =IF($B15="","",INDEX(店舗マスタ!$H$5:$H$304,MATCH($B15,店舗マスタ!$B$5:$B$304,0))) -> 2512000 | I15: =IF($B15="","",IF(H15=0,"-",D15/H15)) -> 0.56740167 | J15: =IF($B15="","",INDEX(店舗マスタ!$I$5:$I$304,MATCH($B15,店舗マスタ!$B$5:$B$304,0))) -> 1955945 | K15: =IF($B15="","",INDEX(店舗マスタ!$Q$5:$Q$304,MATCH($B15,店舗マスタ!$B$5:$B$304,0))) -> 1911245 | L15: =IF($B15="","",INDEX(店舗マスタ!$S$5:$S$304,MATCH($B15,店舗マスタ!$B$5:$B$304,0))) -> 44700 | M15: =IF(OR($B15="",D15=""),"",IF(N(J15)=0,"前年なし",D15/J15)) -> 0.72870812 | N15: =IF(OR($B15="",E15=""),"",IF(N(K15)=0,"前年なし",E15/K15)) -> 0.63169976 | O15: =IF(OR($B15="",F15=""),"",IF(N(L15)=0,"前年なし",F15/L15)) -> 4.8765101
A16: =IF($B16="","","アルチビオ") -> アルチビオ | B16: =IFERROR(INDEX(店舗マスタ!$B$5:$B$304,MATCH("アルチビオ|11",店舗マスタ!$L$5:$L$304,0)),"") -> 32680600 | C16: =IF($B16="","",INDEX(店舗マスタ!$C$5:$C$304,MATCH($B16,店舗マスタ!$B$5:$B$304,0))) -> 那須ガーデンアウトレット店 | D16: =IF($B16="","",INDEX(店舗マスタ!$G$5:$G$304,MATCH($B16,店舗マスタ!$B$5:$B$304,0))) -> 1066595 | E16: =IF($B16="","",INDEX(店舗マスタ!$P$5:$P$304,MATCH($B16,店舗マスタ!$B$5:$B$304,0))) -> -4655 | F16: =IF($B16="","",INDEX(店舗マスタ!$R$5:$R$304,MATCH($B16,店舗マスタ!$B$5:$B$304,0))) -> 1071250 | G16: =IF(OR($B16="",F16=""),"",IF(D16=0,"-",F16/D16)) -> 1.0043644 | H16: =IF($B16="","",INDEX(店舗マスタ!$H$5:$H$304,MATCH($B16,店舗マスタ!$B$5:$B$304,0))) -> 2600000 | I16: =IF($B16="","",IF(H16=0,"-",D16/H16)) -> 0.41022885 | J16: =IF($B16="","",INDEX(店舗マスタ!$I$5:$I$304,MATCH($B16,店舗マスタ!$B$5:$B$304,0))) -> 1845195 | K16: =IF($B16="","",INDEX(店舗マスタ!$Q$5:$Q$304,MATCH($B16,店舗マスタ!$B$5:$B$304,0))) -> 7355 | L16: =IF($B16="","",INDEX(店舗マスタ!$S$5:$S$304,MATCH($B16,店舗マスタ!$B$5:$B$304,0))) -> 1837840 | M16: =IF(OR($B16="",D16=""),"",IF(N(J16)=0,"前年なし",D16/J16)) -> 0.57803918 | N16: =IF(OR($B16="",E16=""),"",IF(N(K16)=0,"前年なし",E16/K16)) -> -0.63290279 | O16: =IF(OR($B16="",F16=""),"",IF(N(L16)=0,"前年なし",F16/L16)) -> 0.58288534
A17: =IF($B17="","","アルチビオ") | B17: =IFERROR(INDEX(店舗マスタ!$B$5:$B$304,MATCH("アルチビオ|12",店舗マスタ!$L$5:$L$304,0)),"") | C17: =IF($B17="","",INDEX(店舗マスタ!$C$5:$C$304,MATCH($B17,店舗マスタ!$B$5:$B$304,0))) | D17: =IF($B17="","",INDEX(店舗マスタ!$G$5:$G$304,MATCH($B17,店舗マスタ!$B$5:$B$304,0))) | E17: =IF($B17="","",INDEX(店舗マスタ!$P$5:$P$304,MATCH($B17,店舗マスタ!$B$5:$B$304,0))) | F17: =IF($B17="","",INDEX(店舗マスタ!$R$5:$R$304,MATCH($B17,店舗マスタ!$B$5:$B$304,0))) | G17: =IF(OR($B17="",F17=""),"",IF(D17=0,"-",F17/D17)) | H17: =IF($B17="","",INDEX(店舗マスタ!$H$5:$H$304,MATCH($B17,店舗マスタ!$B$5:$B$304,0))) | I17: =IF($B17="","",IF(H17=0,"-",D17/H17)) | J17: =IF($B17="","",INDEX(店舗マスタ!$I$5:$I$304,MATCH($B17,店舗マスタ!$B$5:$B$304,0))) | K17: =IF($B17="","",INDEX(店舗マスタ!$Q$5:$Q$304,MATCH($B17,店舗マスタ!$B$5:$B$304,0))) | L17: =IF($B17="","",INDEX(店舗マスタ!$S$5:$S$304,MATCH($B17,店舗マスタ!$B$5:$B$304,0))) | M17: =IF(OR($B17="",D17=""),"",IF(N(J17)=0,"前年なし",D17/J17)) | N17: =IF(OR($B17="",E17=""),"",IF(N(K17)=0,"前年なし",E17/K17)) | O17: =IF(OR($B17="",F17=""),"",IF(N(L17)=0,"前年なし",F17/L17))
A18: =IF($B18="","","アルチビオ") | B18: =IFERROR(INDEX(店舗マスタ!$B$5:$B$304,MATCH("アルチビオ|13",店舗マスタ!$L$5:$L$304,0)),"") | C18: =IF($B18="","",INDEX(店舗マスタ!$C$5:$C$304,MATCH($B18,店舗マスタ!$B$5:$B$304,0))) | D18: =IF($B18="","",INDEX(店舗マスタ!$G$5:$G$304,MATCH($B18,店舗マスタ!$B$5:$B$304,0))) | E18: =IF($B18="","",INDEX(店舗マスタ!$P$5:$P$304,MATCH($B18,店舗マスタ!$B$5:$B$304,0))) | F18: =IF($B18="","",INDEX(店舗マスタ!$R$5:$R$304,MATCH($B18,店舗マスタ!$B$5:$B$304,0))) | G18: =IF(OR($B18="",F18=""),"",IF(D18=0,"-",F18/D18)) | H18: =IF($B18="","",INDEX(店舗マスタ!$H$5:$H$304,MATCH($B18,店舗マスタ!$B$5:$B$304,0))) | I18: =IF($B18="","",IF(H18=0,"-",D18/H18)) | J18: =IF($B18="","",INDEX(店舗マスタ!$I$5:$I$304,MATCH($B18,店舗マスタ!$B$5:$B$304,0))) | K18: =IF($B18="","",INDEX(店舗マスタ!$Q$5:$Q$304,MATCH($B18,店舗マスタ!$B$5:$B$304,0))) | L18: =IF($B18="","",INDEX(店舗マスタ!$S$5:$S$304,MATCH($B18,店舗マスタ!$B$5:$B$304,0))) | M18: =IF(OR($B18="",D18=""),"",IF(N(J18)=0,"前年なし",D18/J18)) | N18: =IF(OR($B18="",E18=""),"",IF(N(K18)=0,"前年なし",E18/K18)) | O18: =IF(OR($B18="",F18=""),"",IF(N(L18)=0,"前年なし",F18/L18))
A19: =IF($B19="","","アルチビオ") | B19: =IFERROR(INDEX(店舗マスタ!$B$5:$B$304,MATCH("アルチビオ|14",店舗マスタ!$L$5:$L$304,0)),"") | C19: =IF($B19="","",INDEX(店舗マスタ!$C$5:$C$304,MATCH($B19,店舗マスタ!$B$5:$B$304,0))) | D19: =IF($B19="","",INDEX(店舗マスタ!$G$5:$G$304,MATCH($B19,店舗マスタ!$B$5:$B$304,0))) | E19: =IF($B19="","",INDEX(店舗マスタ!$P$5:$P$304,MATCH($B19,店舗マスタ!$B$5:$B$304,0))) | F19: =IF($B19="","",INDEX(店舗マスタ!$R$5:$R$304,MATCH($B19,店舗マスタ!$B$5:$B$304,0))) | G19: =IF(OR($B19="",F19=""),"",IF(D19=0,"-",F19/D19)) | H19: =IF($B19="","",INDEX(店舗マスタ!$H$5:$H$304,MATCH($B19,店舗マスタ!$B$5:$B$304,0))) | I19: =IF($B19="","",IF(H19=0,"-",D19/H19)) | J19: =IF($B19="","",INDEX(店舗マスタ!$I$5:$I$304,MATCH($B19,店舗マスタ!$B$5:$B$304,0))) | K19: =IF($B19="","",INDEX(店舗マスタ!$Q$5:$Q$304,MATCH($B19,店舗マスタ!$B$5:$B$304,0))) | L19: =IF($B19="","",INDEX(店舗マスタ!$S$5:$S$304,MATCH($B19,店舗マスタ!$B$5:$B$304,0))) | M19: =IF(OR($B19="",D19=""),"",IF(N(J19)=0,"前年なし",D19/J19)) | N19: =IF(OR($B19="",E19=""),"",IF(N(K19)=0,"前年なし",E19/K19)) | O19: =IF(OR($B19="",F19=""),"",IF(N(L19)=0,"前年なし",F19/L19))
A20: ="アルチビオ 小計（"&COUNT(D6:D19)&"店舗）" -> アルチビオ 小計（11店舗） | D20: =SUBTOTAL(9,D6:D19) -> 21514701 | E20: =SUBTOTAL(9,E6:E19) -> 16221041 | F20: =SUBTOTAL(9,F6:F19) -> 5293660 | G20: =IF(D20=0,"-",F20/D20) -> 0.2460485 | H20: =SUBTOTAL(9,H6:H19) -> 26854000 | I20: =IF(H20=0,"-",D20/H20) -> 0.80117305 | J20: =SUBTOTAL(9,J6:J19) -> 24125211 | K20: =SUBTOTAL(9,K6:K19) -> 18543471 | L20: =SUBTOTAL(9,L6:L19) -> 5581740 | M20: =IF(J20=0,"-",D20/J20) -> 0.89179328 | N20: =IF(K20=0,"-",E20/K20) -> 0.87475754 | O20: =IF(L20=0,"-",F20/L20) -> 0.94838885
A21: =IF($B21="","","スタジオピッコーネ／ピッコーネクラブ") -> スタジオピッコーネ／ピッコーネクラブ | B21: =IFERROR(INDEX(店舗マスタ!$B$5:$B$304,MATCH("スタジオピッコーネ／ピッコーネクラブ|1",店舗マスタ!$L$5:$L$304,0)),"") -> 32570200 | C21: =IF($B21="","",INDEX(店舗マスタ!$C$5:$C$304,MATCH($B21,店舗マスタ!$B$5:$B$304,0))) -> 高島屋大阪店 | D21: =IF($B21="","",INDEX(店舗マスタ!$G$5:$G$304,MATCH($B21,店舗マスタ!$B$5:$B$304,0))) -> 3137700 | E21: =IF($B21="","",INDEX(店舗マスタ!$P$5:$P$304,MATCH($B21,店舗マスタ!$B$5:$B$304,0))) -> 3137700 | F21: =IF($B21="","",INDEX(店舗マスタ!$R$5:$R$304,MATCH($B21,店舗マスタ!$B$5:$B$304,0))) -> 0 | G21: =IF(OR($B21="",F21=""),"",IF(D21=0,"-",F21/D21)) -> 0 | H21: =IF($B21="","",INDEX(店舗マスタ!$H$5:$H$304,MATCH($B21,店舗マスタ!$B$5:$B$304,0))) -> 4320000 | I21: =IF($B21="","",IF(H21=0,"-",D21/H21)) -> 0.72631944 | J21: =IF($B21="","",INDEX(店舗マスタ!$I$5:$I$304,MATCH($B21,店舗マスタ!$B$5:$B$304,0))) -> 4174590 | K21: =IF($B21="","",INDEX(店舗マスタ!$Q$5:$Q$304,MATCH($B21,店舗マスタ!$B$5:$B$304,0))) -> 4174590 | L21: =IF($B21="","",INDEX(店舗マスタ!$S$5:$S$304,MATCH($B21,店舗マスタ!$B$5:$B$304,0))) -> 0 | M21: =IF(OR($B21="",D21=""),"",IF(N(J21)=0,"前年なし",D21/J21)) -> 0.75161872 | N21: =IF(OR($B21="",E21=""),"",IF(N(K21)=0,"前年なし",E21/K21)) -> 0.75161872 | O21: =IF(OR($B21="",F21=""),"",IF(N(L21)=0,"前年なし",F21/L21)) -> 前年なし
A22: =IF($B22="","","スタジオピッコーネ／ピッコーネクラブ") -> スタジオピッコーネ／ピッコーネクラブ | B22: =IFERROR(INDEX(店舗マスタ!$B$5:$B$304,MATCH("スタジオピッコーネ／ピッコーネクラブ|2",店舗マスタ!$L$5:$L$304,0)),"") -> 32572600 | C22: =IF($B22="","",INDEX(店舗マスタ!$C$5:$C$304,MATCH($B22,店舗マスタ!$B$5:$B$304,0))) -> 大丸福岡天神店 | D22: =IF($B22="","",INDEX(店舗マスタ!$G$5:$G$304,MATCH($B22,店舗マスタ!$B$5:$B$304,0))) -> 2083600 | E22: =IF($B22="","",INDEX(店舗マスタ!$P$5:$P$304,MATCH($B22,店舗マスタ!$B$5:$B$304,0))) -> 1681900 | F22: =IF($B22="","",INDEX(店舗マスタ!$R$5:$R$304,MATCH($B22,店舗マスタ!$B$5:$B$304,0))) -> 401700 | G22: =IF(OR($B22="",F22=""),"",IF(D22=0,"-",F22/D22)) -> 0.19279132 | H22: =IF($B22="","",INDEX(店舗マスタ!$H$5:$H$304,MATCH($B22,店舗マスタ!$B$5:$B$304,0))) -> 2100000 | I22: =IF($B22="","",IF(H22=0,"-",D22/H22)) -> 0.99219048 | J22: =IF($B22="","",INDEX(店舗マスタ!$I$5:$I$304,MATCH($B22,店舗マスタ!$B$5:$B$304,0))) -> 1633800 | K22: =IF($B22="","",INDEX(店舗マスタ!$Q$5:$Q$304,MATCH($B22,店舗マスタ!$B$5:$B$304,0))) -> 1430500 | L22: =IF($B22="","",INDEX(店舗マスタ!$S$5:$S$304,MATCH($B22,店舗マスタ!$B$5:$B$304,0))) -> 203300 | M22: =IF(OR($B22="",D22=""),"",IF(N(J22)=0,"前年なし",D22/J22)) -> 1.2753091 | N22: =IF(OR($B22="",E22=""),"",IF(N(K22)=0,"前年なし",E22/K22)) -> 1.1757427 | O22: =IF(OR($B22="",F22=""),"",IF(N(L22)=0,"前年なし",F22/L22)) -> 1.9758977
A23: =IF($B23="","","スタジオピッコーネ／ピッコーネクラブ") -> スタジオピッコーネ／ピッコーネクラブ | B23: =IFERROR(INDEX(店舗マスタ!$B$5:$B$304,MATCH("スタジオピッコーネ／ピッコーネクラブ|3",店舗マスタ!$L$5:$L$304,0)),"") -> 32573200 | C23: =IF($B23="","",INDEX(店舗マスタ!$C$5:$C$304,MATCH($B23,店舗マスタ!$B$5:$B$304,0))) -> あべのハルカス近鉄本店 | D23: =IF($B23="","",INDEX(店舗マスタ!$G$5:$G$304,MATCH($B23,店舗マスタ!$B$5:$B$304,0))) -> 3507580 | E23: =IF($B23="","",INDEX(店舗マスタ!$P$5:$P$304,MATCH($B23,店舗マスタ!$B$5:$B$304,0))) -> 3507580 | F23: =IF($B23="","",INDEX(店舗マスタ!$R$5:$R$304,MATCH($B23,店舗マスタ!$B$5:$B$304,0))) -> 0 | G23: =IF(OR($B23="",F23=""),"",IF(D23=0,"-",F23/D23)) -> 0 | H23: =IF($B23="","",INDEX(店舗マスタ!$H$5:$H$304,MATCH($B23,店舗マスタ!$B$5:$B$304,0))) -> 4120000 | I23: =IF($B23="","",IF(H23=0,"-",D23/H23)) -> 0.85135437 | J23: =IF($B23="","",INDEX(店舗マスタ!$I$5:$I$304,MATCH($B23,店舗マスタ!$B$5:$B$304,0))) -> 4003095 | K23: =IF($B23="","",INDEX(店舗マスタ!$Q$5:$Q$304,MATCH($B23,店舗マスタ!$B$5:$B$304,0))) -> 4003095 | L23: =IF($B23="","",INDEX(店舗マスタ!$S$5:$S$304,MATCH($B23,店舗マスタ!$B$5:$B$304,0))) -> 0 | M23: =IF(OR($B23="",D23=""),"",IF(N(J23)=0,"前年なし",D23/J23)) -> 0.87621703 | N23: =IF(OR($B23="",E23=""),"",IF(N(K23)=0,"前年なし",E23/K23)) -> 0.87621703 | O23: =IF(OR($B23="",F23=""),"",IF(N(L23)=0,"前年なし",F23/L23)) -> 前年なし
A24: =IF($B24="","","スタジオピッコーネ／ピッコーネクラブ") -> スタジオピッコーネ／ピッコーネクラブ | B24: =IFERROR(INDEX(店舗マスタ!$B$5:$B$304,MATCH("スタジオピッコーネ／ピッコーネクラブ|4",店舗マスタ!$L$5:$L$304,0)),"") -> 32573400 | C24: =IF($B24="","",INDEX(店舗マスタ!$C$5:$C$304,MATCH($B24,店舗マスタ!$B$5:$B$304,0))) -> 近鉄百貨店和歌山店 | D24: =IF($B24="","",INDEX(店舗マスタ!$G$5:$G$304,MATCH($B24,店舗マスタ!$B$5:$B$304,0))) -> 1872645 | E24: =IF($B24="","",INDEX(店舗マスタ!$P$5:$P$304,MATCH($B24,店舗マスタ!$B$5:$B$304,0))) -> 1742245 | F24: =IF($B24="","",INDEX(店舗マスタ!$R$5:$R$304,MATCH($B24,店舗マスタ!$B$5:$B$304,0))) -> 130400 | G24: =IF(OR($B24="",F24=""),"",IF(D24=0,"-",F24/D24)) -> 0.069634127 | H24: =IF($B24="","",INDEX(店舗マスタ!$H$5:$H$304,MATCH($B24,店舗マスタ!$B$5:$B$304,0))) -> 2300000 | I24: =IF($B24="","",IF(H24=0,"-",D24/H24)) -> 0.81419348 | J24: =IF($B24="","",INDEX(店舗マスタ!$I$5:$I$304,MATCH($B24,店舗マスタ!$B$5:$B$304,0))) -> 2355195 | K24: =IF($B24="","",INDEX(店舗マスタ!$Q$5:$Q$304,MATCH($B24,店舗マスタ!$B$5:$B$304,0))) -> 2097495 | L24: =IF($B24="","",INDEX(店舗マスタ!$S$5:$S$304,MATCH($B24,店舗マスタ!$B$5:$B$304,0))) -> 257700 | M24: =IF(OR($B24="",D24=""),"",IF(N(J24)=0,"前年なし",D24/J24)) -> 0.79511251 | N24: =IF(OR($B24="",E24=""),"",IF(N(K24)=0,"前年なし",E24/K24)) -> 0.8306313 | O24: =IF(OR($B24="",F24=""),"",IF(N(L24)=0,"前年なし",F24/L24)) -> 0.50601475
A25: =IF($B25="","","スタジオピッコーネ／ピッコーネクラブ") -> スタジオピッコーネ／ピッコーネクラブ | B25: =IFERROR(INDEX(店舗マスタ!$B$5:$B$304,MATCH("スタジオピッコーネ／ピッコーネクラブ|5",店舗マスタ!$L$5:$L$304,0)),"") -> 32573700 | C25: =IF($B25="","",INDEX(店舗マスタ!$C$5:$C$304,MATCH($B25,店舗マスタ!$B$5:$B$304,0))) -> 近鉄百貨店上本町店 | D25: =IF($B25="","",INDEX(店舗マスタ!$G$5:$G$304,MATCH($B25,店舗マスタ!$B$5:$B$304,0))) -> 2637800 | E25: =IF($B25="","",INDEX(店舗マスタ!$P$5:$P$304,MATCH($B25,店舗マスタ!$B$5:$B$304,0))) -> 2566400 | F25: =IF($B25="","",INDEX(店舗マスタ!$R$5:$R$304,MATCH($B25,店舗マスタ!$B$5:$B$304,0))) -> 71400 | G25: =IF(OR($B25="",F25=""),"",IF(D25=0,"-",F25/D25)) -> 0.027068011 | H25: =IF($B25="","",INDEX(店舗マスタ!$H$5:$H$304,MATCH($B25,店舗マスタ!$B$5:$B$304,0))) -> 1950000 | I25: =IF($B25="","",IF(H25=0,"-",D25/H25)) -> 1.3527179 | J25: =IF($B25="","",INDEX(店舗マスタ!$I$5:$I$304,MATCH($B25,店舗マスタ!$B$5:$B$304,0))) -> 1931500 | K25: =IF($B25="","",INDEX(店舗マスタ!$Q$5:$Q$304,MATCH($B25,店舗マスタ!$B$5:$B$304,0))) -> 1559100 | L25: =IF($B25="","",INDEX(店舗マスタ!$S$5:$S$304,MATCH($B25,店舗マスタ!$B$5:$B$304,0))) -> 372400 | M25: =IF(OR($B25="",D25=""),"",IF(N(J25)=0,"前年なし",D25/J25)) -> 1.3656743 | N25: =IF(OR($B25="",E25=""),"",IF(N(K25)=0,"前年なし",E25/K25)) -> 1.6460779 | O25: =IF(OR($B25="",F25=""),"",IF(N(L25)=0,"前年なし",F25/L25)) -> 0.19172932
A26: =IF($B26="","","スタジオピッコーネ／ピッコーネクラブ") -> スタジオピッコーネ／ピッコーネクラブ | B26: =IFERROR(INDEX(店舗マスタ!$B$5:$B$304,MATCH("スタジオピッコーネ／ピッコーネクラブ|6",店舗マスタ!$L$5:$L$304,0)),"") -> 32573800 | C26: =IF($B26="","",INDEX(店舗マスタ!$C$5:$C$304,MATCH($B26,店舗マスタ!$B$5:$B$304,0))) -> 近鉄百貨店奈良店 | D26: =IF($B26="","",INDEX(店舗マスタ!$G$5:$G$304,MATCH($B26,店舗マスタ!$B$5:$B$304,0))) -> 3204200 | E26: =IF($B26="","",INDEX(店舗マスタ!$P$5:$P$304,MATCH($B26,店舗マスタ!$B$5:$B$304,0))) -> 2538670 | F26: =IF($B26="","",INDEX(店舗マスタ!$R$5:$R$304,MATCH($B26,店舗マスタ!$B$5:$B$304,0))) -> 665530 | G26: =IF(OR($B26="",F26=""),"",IF(D26=0,"-",F26/D26)) -> 0.20770551 | H26: =IF($B26="","",INDEX(店舗マスタ!$H$5:$H$304,MATCH($B26,店舗マスタ!$B$5:$B$304,0))) -> 3150000 | I26: =IF($B26="","",IF(H26=0,"-",D26/H26)) -> 1.0172063 | J26: =IF($B26="","",INDEX(店舗マスタ!$I$5:$I$304,MATCH($B26,店舗マスタ!$B$5:$B$304,0))) -> 3186800 | K26: =IF($B26="","",INDEX(店舗マスタ!$Q$5:$Q$304,MATCH($B26,店舗マスタ!$B$5:$B$304,0))) -> 2928400 | L26: =IF($B26="","",INDEX(店舗マスタ!$S$5:$S$304,MATCH($B26,店舗マスタ!$B$5:$B$304,0))) -> 258400 | M26: =IF(OR($B26="",D26=""),"",IF(N(J26)=0,"前年なし",D26/J26)) -> 1.00546 | N26: =IF(OR($B26="",E26=""),"",IF(N(K26)=0,"前年なし",E26/K26)) -> 0.86691367 | O26: =IF(OR($B26="",F26=""),"",IF(N(L26)=0,"前年なし",F26/L26)) -> 2.5755805
A27: =IF($B27="","","スタジオピッコーネ／ピッコーネクラブ") -> スタジオピッコーネ／ピッコーネクラブ | B27: =IFERROR(INDEX(店舗マスタ!$B$5:$B$304,MATCH("スタジオピッコーネ／ピッコーネクラブ|7",店舗マスタ!$L$5:$L$304,0)),"") -> 32573900 | C27: =IF($B27="","",INDEX(店舗マスタ!$C$5:$C$304,MATCH($B27,店舗マスタ!$B$5:$B$304,0))) -> 近鉄百貨店橿原店 | D27: =IF($B27="","",INDEX(店舗マスタ!$G$5:$G$304,MATCH($B27,店舗マスタ!$B$5:$B$304,0))) -> 1744500 | E27: =IF($B27="","",INDEX(店舗マスタ!$P$5:$P$304,MATCH($B27,店舗マスタ!$B$5:$B$304,0))) -> 1039100 | F27: =IF($B27="","",INDEX(店舗マスタ!$R$5:$R$304,MATCH($B27,店舗マスタ!$B$5:$B$304,0))) -> 705400 | G27: =IF(OR($B27="",F27=""),"",IF(D27=0,"-",F27/D27)) -> 0.40435655 | H27: =IF($B27="","",INDEX(店舗マスタ!$H$5:$H$304,MATCH($B27,店舗マスタ!$B$5:$B$304,0))) -> 1880000 | I27: =IF($B27="","",IF(H27=0,"-",D27/H27)) -> 0.92792553 | J27: =IF($B27="","",INDEX(店舗マスタ!$I$5:$I$304,MATCH($B27,店舗マスタ!$B$5:$B$304,0))) -> 1846800 | K27: =IF($B27="","",INDEX(店舗マスタ!$Q$5:$Q$304,MATCH($B27,店舗マスタ!$B$5:$B$304,0))) -> 1430400 | L27: =IF($B27="","",INDEX(店舗マスタ!$S$5:$S$304,MATCH($B27,店舗マスタ!$B$5:$B$304,0))) -> 416400 | M27: =IF(OR($B27="",D27=""),"",IF(N(J27)=0,"前年なし",D27/J27)) -> 0.94460689 | N27: =IF(OR($B27="",E27=""),"",IF(N(K27)=0,"前年なし",E27/K27)) -> 0.72644016 | O27: =IF(OR($B27="",F27=""),"",IF(N(L27)=0,"前年なし",F27/L27)) -> 1.6940442
A28: =IF($B28="","","スタジオピッコーネ／ピッコーネクラブ") -> スタジオピッコーネ／ピッコーネクラブ | B28: =IFERROR(INDEX(店舗マスタ!$B$5:$B$304,MATCH("スタジオピッコーネ／ピッコーネクラブ|8",店舗マスタ!$L$5:$L$304,0)),"") -> 32574100 | C28: =IF($B28="","",INDEX(店舗マスタ!$C$5:$C$304,MATCH($B28,店舗マスタ!$B$5:$B$304,0))) -> 広島三越店 | D28: =IF($B28="","",INDEX(店舗マスタ!$G$5:$G$304,MATCH($B28,店舗マスタ!$B$5:$B$304,0))) -> 1187800 | E28: =IF($B28="","",INDEX(店舗マスタ!$P$5:$P$304,MATCH($B28,店舗マスタ!$B$5:$B$304,0))) -> 819800 | F28: =IF($B28="","",INDEX(店舗マスタ!$R$5:$R$304,MATCH($B28,店舗マスタ!$B$5:$B$304,0))) -> 368000 | G28: =IF(OR($B28="",F28=""),"",IF(D28=0,"-",F28/D28)) -> 0.30981647 | H28: =IF($B28="","",INDEX(店舗マスタ!$H$5:$H$304,MATCH($B28,店舗マスタ!$B$5:$B$304,0))) -> 1700000 | I28: =IF($B28="","",IF(H28=0,"-",D28/H28)) -> 0.69870588 | J28: =IF($B28="","",INDEX(店舗マスタ!$I$5:$I$304,MATCH($B28,店舗マスタ!$B$5:$B$304,0))) -> 1274700 | K28: =IF($B28="","",INDEX(店舗マスタ!$Q$5:$Q$304,MATCH($B28,店舗マスタ!$B$5:$B$304,0))) -> 1158600 | L28: =IF($B28="","",INDEX(店舗マスタ!$S$5:$S$304,MATCH($B28,店舗マスタ!$B$5:$B$304,0))) -> 116100 | M28: =IF(OR($B28="",D28=""),"",IF(N(J28)=0,"前年なし",D28/J28)) -> 0.9318271 | N28: =IF(OR($B28="",E28=""),"",IF(N(K28)=0,"前年なし",E28/K28)) -> 0.70757811 | O28: =IF(OR($B28="",F28=""),"",IF(N(L28)=0,"前年なし",F28/L28)) -> 3.1696813
A29: =IF($B29="","","スタジオピッコーネ／ピッコーネクラブ") -> スタジオピッコーネ／ピッコーネクラブ | B29: =IFERROR(INDEX(店舗マスタ!$B$5:$B$304,MATCH("スタジオピッコーネ／ピッコーネクラブ|9",店舗マスタ!$L$5:$L$304,0)),"") -> 32575700 | C29: =IF($B29="","",INDEX(店舗マスタ!$C$5:$C$304,MATCH($B29,店舗マスタ!$B$5:$B$304,0))) -> 名古屋三越栄店 | D29: =IF($B29="","",INDEX(店舗マスタ!$G$5:$G$304,MATCH($B29,店舗マスタ!$B$5:$B$304,0))) -> 4266900 | E29: =IF($B29="","",INDEX(店舗マスタ!$P$5:$P$304,MATCH($B29,店舗マスタ!$B$5:$B$304,0))) -> 4185000 | F29: =IF($B29="","",INDEX(店舗マスタ!$R$5:$R$304,MATCH($B29,店舗マスタ!$B$5:$B$304,0))) -> 81900 | G29: =IF(OR($B29="",F29=""),"",IF(D29=0,"-",F29/D29)) -> 0.019194263 | H29: =IF($B29="","",INDEX(店舗マスタ!$H$5:$H$304,MATCH($B29,店舗マスタ!$B$5:$B$304,0))) -> 4200000 | I29: =IF($B29="","",IF(H29=0,"-",D29/H29)) -> 1.0159286 | J29: =IF($B29="","",INDEX(店舗マスタ!$I$5:$I$304,MATCH($B29,店舗マスタ!$B$5:$B$304,0))) -> 4153200 | K29: =IF($B29="","",INDEX(店舗マスタ!$Q$5:$Q$304,MATCH($B29,店舗マスタ!$B$5:$B$304,0))) -> 3953300 | L29: =IF($B29="","",INDEX(店舗マスタ!$S$5:$S$304,MATCH($B29,店舗マスタ!$B$5:$B$304,0))) -> 199900 | M29: =IF(OR($B29="",D29=""),"",IF(N(J29)=0,"前年なし",D29/J29)) -> 1.0273765 | N29: =IF(OR($B29="",E29=""),"",IF(N(K29)=0,"前年なし",E29/K29)) -> 1.0586093 | O29: =IF(OR($B29="",F29=""),"",IF(N(L29)=0,"前年なし",F29/L29)) -> 0.40970485
A30: =IF($B30="","","スタジオピッコーネ／ピッコーネクラブ") -> スタジオピッコーネ／ピッコーネクラブ | B30: =IFERROR(INDEX(店舗マスタ!$B$5:$B$304,MATCH("スタジオピッコーネ／ピッコーネクラブ|10",店舗マスタ!$L$5:$L$304,0)),"") -> 32670200 | C30: =IF($B30="","",INDEX(店舗マスタ!$C$5:$C$304,MATCH($B30,店舗マスタ!$B$5:$B$304,0))) -> 高島屋横浜店 | D30: =IF($B30="","",INDEX(店舗マスタ!$G$5:$G$304,MATCH($B30,店舗マスタ!$B$5:$B$304,0))) -> 3134900 | E30: =IF($B30="","",INDEX(店舗マスタ!$P$5:$P$304,MATCH($B30,店舗マスタ!$B$5:$B$304,0))) -> 3118100 | F30: =IF($B30="","",INDEX(店舗マスタ!$R$5:$R$304,MATCH($B30,店舗マスタ!$B$5:$B$304,0))) -> 16800 | G30: =IF(OR($B30="",F30=""),"",IF(D30=0,"-",F30/D30)) -> 0.0053590226 | H30: =IF($B30="","",INDEX(店舗マスタ!$H$5:$H$304,MATCH($B30,店舗マスタ!$B$5:$B$304,0))) -> 6100000 | I30: =IF($B30="","",IF(H30=0,"-",D30/H30)) -> 0.51391803 | J30: =IF($B30="","",INDEX(店舗マスタ!$I$5:$I$304,MATCH($B30,店舗マスタ!$B$5:$B$304,0))) -> 3604510 | K30: =IF($B30="","",INDEX(店舗マスタ!$Q$5:$Q$304,MATCH($B30,店舗マスタ!$B$5:$B$304,0))) -> 3560410 | L30: =IF($B30="","",INDEX(店舗マスタ!$S$5:$S$304,MATCH($B30,店舗マスタ!$B$5:$B$304,0))) -> 44100 | M30: =IF(OR($B30="",D30=""),"",IF(N(J30)=0,"前年なし",D30/J30)) -> 0.86971599 | N30: =IF(OR($B30="",E30=""),"",IF(N(K30)=0,"前年なし",E30/K30)) -> 0.87576993 | O30: =IF(OR($B30="",F30=""),"",IF(N(L30)=0,"前年なし",F30/L30)) -> 0.38095238
A31: =IF($B31="","","スタジオピッコーネ／ピッコーネクラブ") -> スタジオピッコーネ／ピッコーネクラブ | B31: =IFERROR(INDEX(店舗マスタ!$B$5:$B$304,MATCH("スタジオピッコーネ／ピッコーネクラブ|11",店舗マスタ!$L$5:$L$304,0)),"") -> 32670400 | C31: =IF($B31="","",INDEX(店舗マスタ!$C$5:$C$304,MATCH($B31,店舗マスタ!$B$5:$B$304,0))) -> 高島屋高崎店 | D31: =IF($B31="","",INDEX(店舗マスタ!$G$5:$G$304,MATCH($B31,店舗マスタ!$B$5:$B$304,0))) -> 2640520 | E31: =IF($B31="","",INDEX(店舗マスタ!$P$5:$P$304,MATCH($B31,店舗マスタ!$B$5:$B$304,0))) -> 2495520 | F31: =IF($B31="","",INDEX(店舗マスタ!$R$5:$R$304,MATCH($B31,店舗マスタ!$B$5:$B$304,0))) -> 145000 | G31: =IF(OR($B31="",F31=""),"",IF(D31=0,"-",F31/D31)) -> 0.054913426 | H31: =IF($B31="","",INDEX(店舗マスタ!$H$5:$H$304,MATCH($B31,店舗マスタ!$B$5:$B$304,0))) -> 4410000 | I31: =IF($B31="","",IF(H31=0,"-",D31/H31)) -> 0.59875737 | J31: =IF($B31="","",INDEX(店舗マスタ!$I$5:$I$304,MATCH($B31,店舗マスタ!$B$5:$B$304,0))) -> 2984120 | K31: =IF($B31="","",INDEX(店舗マスタ!$Q$5:$Q$304,MATCH($B31,店舗マスタ!$B$5:$B$304,0))) -> 2858120 | L31: =IF($B31="","",INDEX(店舗マスタ!$S$5:$S$304,MATCH($B31,店舗マスタ!$B$5:$B$304,0))) -> 126000 | M31: =IF(OR($B31="",D31=""),"",IF(N(J31)=0,"前年なし",D31/J31)) -> 0.88485718 | N31: =IF(OR($B31="",E31=""),"",IF(N(K31)=0,"前年なし",E31/K31)) -> 0.87313339 | O31: =IF(OR($B31="",F31=""),"",IF(N(L31)=0,"前年なし",F31/L31)) -> 1.1507937
A32: =IF($B32="","","スタジオピッコーネ／ピッコーネクラブ") -> スタジオピッコーネ／ピッコーネクラブ | B32: =IFERROR(INDEX(店舗マスタ!$B$5:$B$304,MATCH("スタジオピッコーネ／ピッコーネクラブ|12",店舗マスタ!$L$5:$L$304,0)),"") -> 32670900 | C32: =IF($B32="","",INDEX(店舗マスタ!$C$5:$C$304,MATCH($B32,店舗マスタ!$B$5:$B$304,0))) -> 東武百貨店池袋店 | D32: =IF($B32="","",INDEX(店舗マスタ!$G$5:$G$304,MATCH($B32,店舗マスタ!$B$5:$B$304,0))) -> 5052300 | E32: =IF($B32="","",INDEX(店舗マスタ!$P$5:$P$304,MATCH($B32,店舗マスタ!$B$5:$B$304,0))) -> 5052300 | F32: =IF($B32="","",INDEX(店舗マスタ!$R$5:$R$304,MATCH($B32,店舗マスタ!$B$5:$B$304,0))) -> 0 | G32: =IF(OR($B32="",F32=""),"",IF(D32=0,"-",F32/D32)) -> 0 | H32: =IF($B32="","",INDEX(店舗マスタ!$H$5:$H$304,MATCH($B32,店舗マスタ!$B$5:$B$304,0))) -> 5370000 | I32: =IF($B32="","",IF(H32=0,"-",D32/H32)) -> 0.94083799 | J32: =IF($B32="","",INDEX(店舗マスタ!$I$5:$I$304,MATCH($B32,店舗マスタ!$B$5:$B$304,0))) -> 5057100 | K32: =IF($B32="","",INDEX(店舗マスタ!$Q$5:$Q$304,MATCH($B32,店舗マスタ!$B$5:$B$304,0))) -> 4861700 | L32: =IF($B32="","",INDEX(店舗マスタ!$S$5:$S$304,MATCH($B32,店舗マスタ!$B$5:$B$304,0))) -> 195400 | M32: =IF(OR($B32="",D32=""),"",IF(N(J32)=0,"前年なし",D32/J32)) -> 0.99905084 | N32: =IF(OR($B32="",E32=""),"",IF(N(K32)=0,"前年なし",E32/K32)) -> 1.0392044 | O32: =IF(OR($B32="",F32=""),"",IF(N(L32)=0,"前年なし",F32/L32)) -> 0
A33: =IF($B33="","","スタジオピッコーネ／ピッコーネクラブ") -> スタジオピッコーネ／ピッコーネクラブ | B33: =IFERROR(INDEX(店舗マスタ!$B$5:$B$304,MATCH("スタジオピッコーネ／ピッコーネクラブ|13",店舗マスタ!$L$5:$L$304,0)),"") -> 32671400 | C33: =IF($B33="","",INDEX(店舗マスタ!$C$5:$C$304,MATCH($B33,店舗マスタ!$B$5:$B$304,0))) -> 日本橋三越本店 | D33: =IF($B33="","",INDEX(店舗マスタ!$G$5:$G$304,MATCH($B33,店舗マスタ!$B$5:$B$304,0))) -> 4633300 | E33: =IF($B33="","",INDEX(店舗マスタ!$P$5:$P$304,MATCH($B33,店舗マスタ!$B$5:$B$304,0))) -> 4361200 | F33: =IF($B33="","",INDEX(店舗マスタ!$R$5:$R$304,MATCH($B33,店舗マスタ!$B$5:$B$304,0))) -> 272100 | G33: =IF(OR($B33="",F33=""),"",IF(D33=0,"-",F33/D33)) -> 0.058727041 | H33: =IF($B33="","",INDEX(店舗マスタ!$H$5:$H$304,MATCH($B33,店舗マスタ!$B$5:$B$304,0))) -> 7990000 | I33: =IF($B33="","",IF(H33=0,"-",D33/H33)) -> 0.57988736 | J33: =IF($B33="","",INDEX(店舗マスタ!$I$5:$I$304,MATCH($B33,店舗マスタ!$B$5:$B$304,0))) -> 5799600 | K33: =IF($B33="","",INDEX(店舗マスタ!$Q$5:$Q$304,MATCH($B33,店舗マスタ!$B$5:$B$304,0))) -> 5799600 | L33: =IF($B33="","",INDEX(店舗マスタ!$S$5:$S$304,MATCH($B33,店舗マスタ!$B$5:$B$304,0))) -> 0 | M33: =IF(OR($B33="",D33=""),"",IF(N(J33)=0,"前年なし",D33/J33)) -> 0.79889992 | N33: =IF(OR($B33="",E33=""),"",IF(N(K33)=0,"前年なし",E33/K33)) -> 0.7519829 | O33: =IF(OR($B33="",F33=""),"",IF(N(L33)=0,"前年なし",F33/L33)) -> 前年なし
A34: =IF($B34="","","スタジオピッコーネ／ピッコーネクラブ") -> スタジオピッコーネ／ピッコーネクラブ | B34: =IFERROR(INDEX(店舗マスタ!$B$5:$B$304,MATCH("スタジオピッコーネ／ピッコーネクラブ|14",店舗マスタ!$L$5:$L$304,0)),"") -> 32671900 | C34: =IF($B34="","",INDEX(店舗マスタ!$C$5:$C$304,MATCH($B34,店舗マスタ!$B$5:$B$304,0))) -> 松坂屋上野店 | D34: =IF($B34="","",INDEX(店舗マスタ!$G$5:$G$304,MATCH($B34,店舗マスタ!$B$5:$B$304,0))) -> 1841920 | E34: =IF($B34="","",INDEX(店舗マスタ!$P$5:$P$304,MATCH($B34,店舗マスタ!$B$5:$B$304,0))) -> 1797020 | F34: =IF($B34="","",INDEX(店舗マスタ!$R$5:$R$304,MATCH($B34,店舗マスタ!$B$5:$B$304,0))) -> 44900 | G34: =IF(OR($B34="",F34=""),"",IF(D34=0,"-",F34/D34)) -> 0.024376737 | H34: =IF($B34="","",INDEX(店舗マスタ!$H$5:$H$304,MATCH($B34,店舗マスタ!$B$5:$B$304,0))) -> 2050000 | I34: =IF($B34="","",IF(H34=0,"-",D34/H34)) -> 0.89849756 | J34: =IF($B34="","",INDEX(店舗マスタ!$I$5:$I$304,MATCH($B34,店舗マスタ!$B$5:$B$304,0))) -> 1940260 | K34: =IF($B34="","",INDEX(店舗マスタ!$Q$5:$Q$304,MATCH($B34,店舗マスタ!$B$5:$B$304,0))) -> 1826860 | L34: =IF($B34="","",INDEX(店舗マスタ!$S$5:$S$304,MATCH($B34,店舗マスタ!$B$5:$B$304,0))) -> 113400 | M34: =IF(OR($B34="",D34=""),"",IF(N(J34)=0,"前年なし",D34/J34)) -> 0.94931607 | N34: =IF(OR($B34="",E34=""),"",IF(N(K34)=0,"前年なし",E34/K34)) -> 0.98366596 | O34: =IF(OR($B34="",F34=""),"",IF(N(L34)=0,"前年なし",F34/L34)) -> 0.39594356
A35: =IF($B35="","","スタジオピッコーネ／ピッコーネクラブ") -> スタジオピッコーネ／ピッコーネクラブ | B35: =IFERROR(INDEX(店舗マスタ!$B$5:$B$304,MATCH("スタジオピッコーネ／ピッコーネクラブ|15",店舗マスタ!$L$5:$L$304,0)),"") -> 32673300 | C35: =IF($B35="","",INDEX(店舗マスタ!$C$5:$C$304,MATCH($B35,店舗マスタ!$B$5:$B$304,0))) -> 松屋銀座本店 | D35: =IF($B35="","",INDEX(店舗マスタ!$G$5:$G$304,MATCH($B35,店舗マスタ!$B$5:$B$304,0))) -> 3005230 | E35: =IF($B35="","",INDEX(店舗マスタ!$P$5:$P$304,MATCH($B35,店舗マスタ!$B$5:$B$304,0))) -> 2938030 | F35: =IF($B35="","",INDEX(店舗マスタ!$R$5:$R$304,MATCH($B35,店舗マスタ!$B$5:$B$304,0))) -> 67200 | G35: =IF(OR($B35="",F35=""),"",IF(D35=0,"-",F35/D35)) -> 0.022361017 | H35: =IF($B35="","",INDEX(店舗マスタ!$H$5:$H$304,MATCH($B35,店舗マスタ!$B$5:$B$304,0))) -> 3050000 | I35: =IF($B35="","",IF(H35=0,"-",D35/H35)) -> 0.98532131 | J35: =IF($B35="","",INDEX(店舗マスタ!$I$5:$I$304,MATCH($B35,店舗マスタ!$B$5:$B$304,0))) -> 2843445 | K35: =IF($B35="","",INDEX(店舗マスタ!$Q$5:$Q$304,MATCH($B35,店舗マスタ!$B$5:$B$304,0))) -> 2786545 | L35: =IF($B35="","",INDEX(店舗マスタ!$S$5:$S$304,MATCH($B35,店舗マスタ!$B$5:$B$304,0))) -> 56900 | M35: =IF(OR($B35="",D35=""),"",IF(N(J35)=0,"前年なし",D35/J35)) -> 1.0568975 | N35: =IF(OR($B35="",E35=""),"",IF(N(K35)=0,"前年なし",E35/K35)) -> 1.054363 | O35: =IF(OR($B35="",F35=""),"",IF(N(L35)=0,"前年なし",F35/L35)) -> 1.1810193
A36: =IF($B36="","","スタジオピッコーネ／ピッコーネクラブ") -> スタジオピッコーネ／ピッコーネクラブ | B36: =IFERROR(INDEX(店舗マスタ!$B$5:$B$304,MATCH("スタジオピッコーネ／ピッコーネクラブ|16",店舗マスタ!$L$5:$L$304,0)),"") -> 32674100 | C36: =IF($B36="","",INDEX(店舗マスタ!$C$5:$C$304,MATCH($B36,店舗マスタ!$B$5:$B$304,0))) -> 東武百貨店船橋店 | D36: =IF($B36="","",INDEX(店舗マスタ!$G$5:$G$304,MATCH($B36,店舗マスタ!$B$5:$B$304,0))) -> 2155045 | E36: =IF($B36="","",INDEX(店舗マスタ!$P$5:$P$304,MATCH($B36,店舗マスタ!$B$5:$B$304,0))) -> 2039545 | F36: =IF($B36="","",INDEX(店舗マスタ!$R$5:$R$304,MATCH($B36,店舗マスタ!$B$5:$B$304,0))) -> 115500 | G36: =IF(OR($B36="",F36=""),"",IF(D36=0,"-",F36/D36)) -> 0.053595169 | H36: =IF($B36="","",INDEX(店舗マスタ!$H$5:$H$304,MATCH($B36,店舗マスタ!$B$5:$B$304,0))) -> 1923000 | I36: =IF($B36="","",IF(H36=0,"-",D36/H36)) -> 1.1206682 | J36: =IF($B36="","",INDEX(店舗マスタ!$I$5:$I$304,MATCH($B36,店舗マスタ!$B$5:$B$304,0))) -> 1662095 | K36: =IF($B36="","",INDEX(店舗マスタ!$Q$5:$Q$304,MATCH($B36,店舗マスタ!$B$5:$B$304,0))) -> 1484495 | L36: =IF($B36="","",INDEX(店舗マスタ!$S$5:$S$304,MATCH($B36,店舗マスタ!$B$5:$B$304,0))) -> 177600 | M36: =IF(OR($B36="",D36=""),"",IF(N(J36)=0,"前年なし",D36/J36)) -> 1.2965835 | N36: =IF(OR($B36="",E36=""),"",IF(N(K36)=0,"前年なし",E36/K36)) -> 1.3738982 | O36: =IF(OR($B36="",F36=""),"",IF(N(L36)=0,"前年なし",F36/L36)) -> 0.65033784
A37: =IF($B37="","","スタジオピッコーネ／ピッコーネクラブ") -> スタジオピッコーネ／ピッコーネクラブ | B37: =IFERROR(INDEX(店舗マスタ!$B$5:$B$304,MATCH("スタジオピッコーネ／ピッコーネクラブ|17",店舗マスタ!$L$5:$L$304,0)),"") -> 32674500 | C37: =IF($B37="","",INDEX(店舗マスタ!$C$5:$C$304,MATCH($B37,店舗マスタ!$B$5:$B$304,0))) -> 仙台三越 | D37: =IF($B37="","",INDEX(店舗マスタ!$G$5:$G$304,MATCH($B37,店舗マスタ!$B$5:$B$304,0))) -> 1266300 | E37: =IF($B37="","",INDEX(店舗マスタ!$P$5:$P$304,MATCH($B37,店舗マスタ!$B$5:$B$304,0))) -> 1266300 | F37: =IF($B37="","",INDEX(店舗マスタ!$R$5:$R$304,MATCH($B37,店舗マスタ!$B$5:$B$304,0))) -> 0 | G37: =IF(OR($B37="",F37=""),"",IF(D37=0,"-",F37/D37)) -> 0 | H37: =IF($B37="","",INDEX(店舗マスタ!$H$5:$H$304,MATCH($B37,店舗マスタ!$B$5:$B$304,0))) -> 1250000 | I37: =IF($B37="","",IF(H37=0,"-",D37/H37)) -> 1.01304 | J37: =IF($B37="","",INDEX(店舗マスタ!$I$5:$I$304,MATCH($B37,店舗マスタ!$B$5:$B$304,0))) -> 948000 | K37: =IF($B37="","",INDEX(店舗マスタ!$Q$5:$Q$304,MATCH($B37,店舗マスタ!$B$5:$B$304,0))) -> 921000 | L37: =IF($B37="","",INDEX(店舗マスタ!$S$5:$S$304,MATCH($B37,店舗マスタ!$B$5:$B$304,0))) -> 27000 | M37: =IF(OR($B37="",D37=""),"",IF(N(J37)=0,"前年なし",D37/J37)) -> 1.3357595 | N37: =IF(OR($B37="",E37=""),"",IF(N(K37)=0,"前年なし",E37/K37)) -> 1.3749186 | O37: =IF(OR($B37="",F37=""),"",IF(N(L37)=0,"前年なし",F37/L37)) -> 0
A38: =IF($B38="","","スタジオピッコーネ／ピッコーネクラブ") -> スタジオピッコーネ／ピッコーネクラブ | B38: =IFERROR(INDEX(店舗マスタ!$B$5:$B$304,MATCH("スタジオピッコーネ／ピッコーネクラブ|18",店舗マスタ!$L$5:$L$304,0)),"") -> 32675600 | C38: =IF($B38="","",INDEX(店舗マスタ!$C$5:$C$304,MATCH($B38,店舗マスタ!$B$5:$B$304,0))) -> ながの東急百貨店 | D38: =IF($B38="","",INDEX(店舗マスタ!$G$5:$G$304,MATCH($B38,店舗マスタ!$B$5:$B$304,0))) -> 2648700 | E38: =IF($B38="","",INDEX(店舗マスタ!$P$5:$P$304,MATCH($B38,店舗マスタ!$B$5:$B$304,0))) -> 2585700 | F38: =IF($B38="","",INDEX(店舗マスタ!$R$5:$R$304,MATCH($B38,店舗マスタ!$B$5:$B$304,0))) -> 63000 | G38: =IF(OR($B38="",F38=""),"",IF(D38=0,"-",F38/D38)) -> 0.023785253 | H38: =IF($B38="","",INDEX(店舗マスタ!$H$5:$H$304,MATCH($B38,店舗マスタ!$B$5:$B$304,0))) -> 3910000 | I38: =IF($B38="","",IF(H38=0,"-",D38/H38)) -> 0.67741688 | J38: =IF($B38="","",INDEX(店舗マスタ!$I$5:$I$304,MATCH($B38,店舗マスタ!$B$5:$B$304,0))) -> 3232800 | K38: =IF($B38="","",INDEX(店舗マスタ!$Q$5:$Q$304,MATCH($B38,店舗マスタ!$B$5:$B$304,0))) -> 3129200 | L38: =IF($B38="","",INDEX(店舗マスタ!$S$5:$S$304,MATCH($B38,店舗マスタ!$B$5:$B$304,0))) -> 103600 | M38: =IF(OR($B38="",D38=""),"",IF(N(J38)=0,"前年なし",D38/J38)) -> 0.81932071 | N38: =IF(OR($B38="",E38=""),"",IF(N(K38)=0,"前年なし",E38/K38)) -> 0.82631343 | O38: =IF(OR($B38="",F38=""),"",IF(N(L38)=0,"前年なし",F38/L38)) -> 0.60810811
A39: =IF($B39="","","スタジオピッコーネ／ピッコーネクラブ") -> スタジオピッコーネ／ピッコーネクラブ | B39: =IFERROR(INDEX(店舗マスタ!$B$5:$B$304,MATCH("スタジオピッコーネ／ピッコーネクラブ|19",店舗マスタ!$L$5:$L$304,0)),"") -> 32675700 | C39: =IF($B39="","",INDEX(店舗マスタ!$C$5:$C$304,MATCH($B39,店舗マスタ!$B$5:$B$304,0))) -> 静岡伊勢丹 | D39: =IF($B39="","",INDEX(店舗マスタ!$G$5:$G$304,MATCH($B39,店舗マスタ!$B$5:$B$304,0))) -> 1267300 | E39: =IF($B39="","",INDEX(店舗マスタ!$P$5:$P$304,MATCH($B39,店舗マスタ!$B$5:$B$304,0))) -> 832100 | F39: =IF($B39="","",INDEX(店舗マスタ!$R$5:$R$304,MATCH($B39,店舗マスタ!$B$5:$B$304,0))) -> 435200 | G39: =IF(OR($B39="",F39=""),"",IF(D39=0,"-",F39/D39)) -> 0.34340724 | H39: =IF($B39="","",INDEX(店舗マスタ!$H$5:$H$304,MATCH($B39,店舗マスタ!$B$5:$B$304,0))) -> 1260000 | I39: =IF($B39="","",IF(H39=0,"-",D39/H39)) -> 1.0057937 | J39: =IF($B39="","",INDEX(店舗マスタ!$I$5:$I$304,MATCH($B39,店舗マスタ!$B$5:$B$304,0))) -> 910300 | K39: =IF($B39="","",INDEX(店舗マスタ!$Q$5:$Q$304,MATCH($B39,店舗マスタ!$B$5:$B$304,0))) -> 724100 | L39: =IF($B39="","",INDEX(店舗マスタ!$S$5:$S$304,MATCH($B39,店舗マスタ!$B$5:$B$304,0))) -> 186200 | M39: =IF(OR($B39="",D39=""),"",IF(N(J39)=0,"前年なし",D39/J39)) -> 1.3921784 | N39: =IF(OR($B39="",E39=""),"",IF(N(K39)=0,"前年なし",E39/K39)) -> 1.1491507 | O39: =IF(OR($B39="",F39=""),"",IF(N(L39)=0,"前年なし",F39/L39)) -> 2.3372718
A40: =IF($B40="","","スタジオピッコーネ／ピッコーネクラブ") -> スタジオピッコーネ／ピッコーネクラブ | B40: =IFERROR(INDEX(店舗マスタ!$B$5:$B$304,MATCH("スタジオピッコーネ／ピッコーネクラブ|20",店舗マスタ!$L$5:$L$304,0)),"") -> 32675800 | C40: =IF($B40="","",INDEX(店舗マスタ!$C$5:$C$304,MATCH($B40,店舗マスタ!$B$5:$B$304,0))) -> 伊勢丹立川店 | D40: =IF($B40="","",INDEX(店舗マスタ!$G$5:$G$304,MATCH($B40,店舗マスタ!$B$5:$B$304,0))) -> 1418275 | E40: =IF($B40="","",INDEX(店舗マスタ!$P$5:$P$304,MATCH($B40,店舗マスタ!$B$5:$B$304,0))) -> 1380275 | F40: =IF($B40="","",INDEX(店舗マスタ!$R$5:$R$304,MATCH($B40,店舗マスタ!$B$5:$B$304,0))) -> 38000 | G40: =IF(OR($B40="",F40=""),"",IF(D40=0,"-",F40/D40)) -> 0.026793111 | H40: =IF($B40="","",INDEX(店舗マスタ!$H$5:$H$304,MATCH($B40,店舗マスタ!$B$5:$B$304,0))) -> 2500000 | I40: =IF($B40="","",IF(H40=0,"-",D40/H40)) -> 0.56731 | J40: =IF($B40="","",INDEX(店舗マスタ!$I$5:$I$304,MATCH($B40,店舗マスタ!$B$5:$B$304,0))) -> 2424400 | K40: =IF($B40="","",INDEX(店舗マスタ!$Q$5:$Q$304,MATCH($B40,店舗マスタ!$B$5:$B$304,0))) -> 2326900 | L40: =IF($B40="","",INDEX(店舗マスタ!$S$5:$S$304,MATCH($B40,店舗マスタ!$B$5:$B$304,0))) -> 97500 | M40: =IF(OR($B40="",D40=""),"",IF(N(J40)=0,"前年なし",D40/J40)) -> 0.58500041 | N40: =IF(OR($B40="",E40=""),"",IF(N(K40)=0,"前年なし",E40/K40)) -> 0.59318192 | O40: =IF(OR($B40="",F40=""),"",IF(N(L40)=0,"前年なし",F40/L40)) -> 0.38974359
A41: =IF($B41="","","スタジオピッコーネ／ピッコーネクラブ") -> スタジオピッコーネ／ピッコーネクラブ | B41: =IFERROR(INDEX(店舗マスタ!$B$5:$B$304,MATCH("スタジオピッコーネ／ピッコーネクラブ|21",店舗マスタ!$L$5:$L$304,0)),"") -> 32676200 | C41: =IF($B41="","",INDEX(店舗マスタ!$C$5:$C$304,MATCH($B41,店舗マスタ!$B$5:$B$304,0))) -> 東武宇都宮百貨店 | D41: =IF($B41="","",INDEX(店舗マスタ!$G$5:$G$304,MATCH($B41,店舗マスタ!$B$5:$B$304,0))) -> 1843700 | E41: =IF($B41="","",INDEX(店舗マスタ!$P$5:$P$304,MATCH($B41,店舗マスタ!$B$5:$B$304,0))) -> 1540400 | F41: =IF($B41="","",INDEX(店舗マスタ!$R$5:$R$304,MATCH($B41,店舗マスタ!$B$5:$B$304,0))) -> 303300 | G41: =IF(OR($B41="",F41=""),"",IF(D41=0,"-",F41/D41)) -> 0.16450616 | H41: =IF($B41="","",INDEX(店舗マスタ!$H$5:$H$304,MATCH($B41,店舗マスタ!$B$5:$B$304,0))) -> 1450000 | I41: =IF($B41="","",IF(H41=0,"-",D41/H41)) -> 1.2715172 | J41: =IF($B41="","",INDEX(店舗マスタ!$I$5:$I$304,MATCH($B41,店舗マスタ!$B$5:$B$304,0))) -> 1179400 | K41: =IF($B41="","",INDEX(店舗マスタ!$Q$5:$Q$304,MATCH($B41,店舗マスタ!$B$5:$B$304,0))) -> 988000 | L41: =IF($B41="","",INDEX(店舗マスタ!$S$5:$S$304,MATCH($B41,店舗マスタ!$B$5:$B$304,0))) -> 191400 | M41: =IF(OR($B41="",D41=""),"",IF(N(J41)=0,"前年なし",D41/J41)) -> 1.5632525 | N41: =IF(OR($B41="",E41=""),"",IF(N(K41)=0,"前年なし",E41/K41)) -> 1.5591093 | O41: =IF(OR($B41="",F41=""),"",IF(N(L41)=0,"前年なし",F41/L41)) -> 1.5846395
A42: =IF($B42="","","スタジオピッコーネ／ピッコーネクラブ") -> スタジオピッコーネ／ピッコーネクラブ | B42: =IFERROR(INDEX(店舗マスタ!$B$5:$B$304,MATCH("スタジオピッコーネ／ピッコーネクラブ|22",店舗マスタ!$L$5:$L$304,0)),"") -> 32676300 | C42: =IF($B42="","",INDEX(店舗マスタ!$C$5:$C$304,MATCH($B42,店舗マスタ!$B$5:$B$304,0))) -> 高島屋新宿店 | D42: =IF($B42="","",INDEX(店舗マスタ!$G$5:$G$304,MATCH($B42,店舗マスタ!$B$5:$B$304,0))) -> 3285560 | E42: =IF($B42="","",INDEX(店舗マスタ!$P$5:$P$304,MATCH($B42,店舗マスタ!$B$5:$B$304,0))) -> 3285560 | F42: =IF($B42="","",INDEX(店舗マスタ!$R$5:$R$304,MATCH($B42,店舗マスタ!$B$5:$B$304,0))) -> 0 | G42: =IF(OR($B42="",F42=""),"",IF(D42=0,"-",F42/D42)) -> 0 | H42: =IF($B42="","",INDEX(店舗マスタ!$H$5:$H$304,MATCH($B42,店舗マスタ!$B$5:$B$304,0))) -> 2600000 | I42: =IF($B42="","",IF(H42=0,"-",D42/H42)) -> 1.2636769 | J42: =IF($B42="","",INDEX(店舗マスタ!$I$5:$I$304,MATCH($B42,店舗マスタ!$B$5:$B$304,0))) -> 2608290 | K42: =IF($B42="","",INDEX(店舗マスタ!$Q$5:$Q$304,MATCH($B42,店舗マスタ!$B$5:$B$304,0))) -> 2162590 | L42: =IF($B42="","",INDEX(店舗マスタ!$S$5:$S$304,MATCH($B42,店舗マスタ!$B$5:$B$304,0))) -> 445700 | M42: =IF(OR($B42="",D42=""),"",IF(N(J42)=0,"前年なし",D42/J42)) -> 1.2596605 | N42: =IF(OR($B42="",E42=""),"",IF(N(K42)=0,"前年なし",E42/K42)) -> 1.5192709 | O42: =IF(OR($B42="",F42=""),"",IF(N(L42)=0,"前年なし",F42/L42)) -> 0
A43: =IF($B43="","","スタジオピッコーネ／ピッコーネクラブ") -> スタジオピッコーネ／ピッコーネクラブ | B43: =IFERROR(INDEX(店舗マスタ!$B$5:$B$304,MATCH("スタジオピッコーネ／ピッコーネクラブ|23",店舗マスタ!$L$5:$L$304,0)),"") -> 32676700 | C43: =IF($B43="","",INDEX(店舗マスタ!$C$5:$C$304,MATCH($B43,店舗マスタ!$B$5:$B$304,0))) -> 高島屋大宮店 | D43: =IF($B43="","",INDEX(店舗マスタ!$G$5:$G$304,MATCH($B43,店舗マスタ!$B$5:$B$304,0))) -> 627595 | E43: =IF($B43="","",INDEX(店舗マスタ!$P$5:$P$304,MATCH($B43,店舗マスタ!$B$5:$B$304,0))) -> 449395 | F43: =IF($B43="","",INDEX(店舗マスタ!$R$5:$R$304,MATCH($B43,店舗マスタ!$B$5:$B$304,0))) -> 178200 | G43: =IF(OR($B43="",F43=""),"",IF(D43=0,"-",F43/D43)) -> 0.28394108 | H43: =IF($B43="","",INDEX(店舗マスタ!$H$5:$H$304,MATCH($B43,店舗マスタ!$B$5:$B$304,0))) -> 1800000 | I43: =IF($B43="","",IF(H43=0,"-",D43/H43)) -> 0.34866389 | J43: =IF($B43="","",INDEX(店舗マスタ!$I$5:$I$304,MATCH($B43,店舗マスタ!$B$5:$B$304,0))) -> 0 | K43: =IF($B43="","",INDEX(店舗マスタ!$Q$5:$Q$304,MATCH($B43,店舗マスタ!$B$5:$B$304,0))) -> 0 | L43: =IF($B43="","",INDEX(店舗マスタ!$S$5:$S$304,MATCH($B43,店舗マスタ!$B$5:$B$304,0))) -> 0 | M43: =IF(OR($B43="",D43=""),"",IF(N(J43)=0,"前年なし",D43/J43)) -> 前年なし | N43: =IF(OR($B43="",E43=""),"",IF(N(K43)=0,"前年なし",E43/K43)) -> 前年なし | O43: =IF(OR($B43="",F43=""),"",IF(N(L43)=0,"前年なし",F43/L43)) -> 前年なし
A44: =IF($B44="","","スタジオピッコーネ／ピッコーネクラブ") | B44: =IFERROR(INDEX(店舗マスタ!$B$5:$B$304,MATCH("スタジオピッコーネ／ピッコーネクラブ|24",店舗マスタ!$L$5:$L$304,0)),"") | C44: =IF($B44="","",INDEX(店舗マスタ!$C$5:$C$304,MATCH($B44,店舗マスタ!$B$5:$B$304,0))) | D44: =IF($B44="","",INDEX(店舗マスタ!$G$5:$G$304,MATCH($B44,店舗マスタ!$B$5:$B$304,0))) | E44: =IF($B44="","",INDEX(店舗マスタ!$P$5:$P$304,MATCH($B44,店舗マスタ!$B$5:$B$304,0))) | F44: =IF($B44="","",INDEX(店舗マスタ!$R$5:$R$304,MATCH($B44,店舗マスタ!$B$5:$B$304,0))) | G44: =IF(OR($B44="",F44=""),"",IF(D44=0,"-",F44/D44)) | H44: =IF($B44="","",INDEX(店舗マスタ!$H$5:$H$304,MATCH($B44,店舗マスタ!$B$5:$B$304,0))) | I44: =IF($B44="","",IF(H44=0,"-",D44/H44)) | J44: =IF($B44="","",INDEX(店舗マスタ!$I$5:$I$304,MATCH($B44,店舗マスタ!$B$5:$B$304,0))) | K44: =IF($B44="","",INDEX(店舗マスタ!$Q$5:$Q$304,MATCH($B44,店舗マスタ!$B$5:$B$304,0))) | L44: =IF($B44="","",INDEX(店舗マスタ!$S$5:$S$304,MATCH($B44,店舗マスタ!$B$5:$B$304,0))) | M44: =IF(OR($B44="",D44=""),"",IF(N(J44)=0,"前年なし",D44/J44)) | N44: =IF(OR($B44="",E44=""),"",IF(N(K44)=0,"前年なし",E44/K44)) | O44: =IF(OR($B44="",F44=""),"",IF(N(L44)=0,"前年なし",F44/L44))
A45: =IF($B45="","","スタジオピッコーネ／ピッコーネクラブ") | B45: =IFERROR(INDEX(店舗マスタ!$B$5:$B$304,MATCH("スタジオピッコーネ／ピッコーネクラブ|25",店舗マスタ!$L$5:$L$304,0)),"") | C45: =IF($B45="","",INDEX(店舗マスタ!$C$5:$C$304,MATCH($B45,店舗マスタ!$B$5:$B$304,0))) | D45: =IF($B45="","",INDEX(店舗マスタ!$G$5:$G$304,MATCH($B45,店舗マスタ!$B$5:$B$304,0))) | E45: =IF($B45="","",INDEX(店舗マスタ!$P$5:$P$304,MATCH($B45,店舗マスタ!$B$5:$B$304,0))) | F45: =IF($B45="","",INDEX(店舗マスタ!$R$5:$R$304,MATCH($B45,店舗マスタ!$B$5:$B$304,0))) | G45: =IF(OR($B45="",F45=""),"",IF(D45=0,"-",F45/D45)) | H45: =IF($B45="","",INDEX(店舗マスタ!$H$5:$H$304,MATCH($B45,店舗マスタ!$B$5:$B$304,0))) | I45: =IF($B45="","",IF(H45=0,"-",D45/H45)) | J45: =IF($B45="","",INDEX(店舗マスタ!$I$5:$I$304,MATCH($B45,店舗マスタ!$B$5:$B$304,0))) | K45: =IF($B45="","",INDEX(店舗マスタ!$Q$5:$Q$304,MATCH($B45,店舗マスタ!$B$5:$B$304,0))) | L45: =IF($B45="","",INDEX(店舗マスタ!$S$5:$S$304,MATCH($B45,店舗マスタ!$B$5:$B$304,0))) | M45: =IF(OR($B45="",D45=""),"",IF(N(J45)=0,"前年なし",D45/J45)) | N45: =IF(OR($B45="",E45=""),"",IF(N(K45)=0,"前年なし",E45/K45)) | O45: =IF(OR($B45="",F45=""),"",IF(N(L45)=0,"前年なし",F45/L45))
A46: =IF($B46="","","スタジオピッコーネ／ピッコーネクラブ") | B46: =IFERROR(INDEX(店舗マスタ!$B$5:$B$304,MATCH("スタジオピッコーネ／ピッコーネクラブ|26",店舗マスタ!$L$5:$L$304,0)),"") | C46: =IF($B46="","",INDEX(店舗マスタ!$C$5:$C$304,MATCH($B46,店舗マスタ!$B$5:$B$304,0))) | D46: =IF($B46="","",INDEX(店舗マスタ!$G$5:$G$304,MATCH($B46,店舗マスタ!$B$5:$B$304,0))) | E46: =IF($B46="","",INDEX(店舗マスタ!$P$5:$P$304,MATCH($B46,店舗マスタ!$B$5:$B$304,0))) | F46: =IF($B46="","",INDEX(店舗マスタ!$R$5:$R$304,MATCH($B46,店舗マスタ!$B$5:$B$304,0))) | G46: =IF(OR($B46="",F46=""),"",IF(D46=0,"-",F46/D46)) | H46: =IF($B46="","",INDEX(店舗マスタ!$H$5:$H$304,MATCH($B46,店舗マスタ!$B$5:$B$304,0))) | I46: =IF($B46="","",IF(H46=0,"-",D46/H46)) | J46: =IF($B46="","",INDEX(店舗マスタ!$I$5:$I$304,MATCH($B46,店舗マスタ!$B$5:$B$304,0))) | K46: =IF($B46="","",INDEX(店舗マスタ!$Q$5:$Q$304,MATCH($B46,店舗マスタ!$B$5:$B$304,0))) | L46: =IF($B46="","",INDEX(店舗マスタ!$S$5:$S$304,MATCH($B46,店舗マスタ!$B$5:$B$304,0))) | M46: =IF(OR($B46="",D46=""),"",IF(N(J46)=0,"前年なし",D46/J46)) | N46: =IF(OR($B46="",E46=""),"",IF(N(K46)=0,"前年なし",E46/K46)) | O46: =IF(OR($B46="",F46=""),"",IF(N(L46)=0,"前年なし",F46/L46))
A47: ="スタジオピッコーネ／ピッコーネクラブ 小計（"&COUNT(D21:D46)&"店舗）" -> スタジオピッコーネ／ピッコーネクラブ 小計（23店舗） | D47: =SUBTOTAL(9,D21:D46) -> 58463370 | E47: =SUBTOTAL(9,E21:E46) -> 54359840 | F47: =SUBTOTAL(9,F21:F46) -> 4103530 | G47: =IF(D47=0,"-",F47/D47) -> 0.070189762 | H47: =SUBTOTAL(9,H21:H46) -> 71383000 | I47: =IF(H47=0,"-",D47/H47) -> 0.81900971 | J47: =SUBTOTAL(9,J21:J46) -> 59754000 | K47: =SUBTOTAL(9,K21:K46) -> 56165000 | L47: =SUBTOTAL(9,L21:L46) -> 3589000 | M47: =IF(J47=0,"-",D47/J47) -> 0.97840094 | N47: =IF(K47=0,"-",E47/K47) -> 0.9678597 | O47: =IF(L47=0,"-",F47/L47) -> 1.1433631
A48: =IF($B48="","","ピッコーネ") -> ピッコーネ | B48: =IFERROR(INDEX(店舗マスタ!$B$5:$B$304,MATCH("ピッコーネ|1",店舗マスタ!$L$5:$L$304,0)),"") -> 32580600 | C48: =IF($B48="","",INDEX(店舗マスタ!$C$5:$C$304,MATCH($B48,店舗マスタ!$B$5:$B$304,0))) -> ラポルテ芦屋店 | D48: =IF($B48="","",INDEX(店舗マスタ!$G$5:$G$304,MATCH($B48,店舗マスタ!$B$5:$B$304,0))) -> 3138950 | E48: =IF($B48="","",INDEX(店舗マスタ!$P$5:$P$304,MATCH($B48,店舗マスタ!$B$5:$B$304,0))) -> 978750 | F48: =IF($B48="","",INDEX(店舗マスタ!$R$5:$R$304,MATCH($B48,店舗マスタ!$B$5:$B$304,0))) -> 2160200 | G48: =IF(OR($B48="",F48=""),"",IF(D48=0,"-",F48/D48)) -> 0.68819191 | H48: =IF($B48="","",INDEX(店舗マスタ!$H$5:$H$304,MATCH($B48,店舗マスタ!$B$5:$B$304,0))) -> 2500000 | I48: =IF($B48="","",IF(H48=0,"-",D48/H48)) -> 1.25558 | J48: =IF($B48="","",INDEX(店舗マスタ!$I$5:$I$304,MATCH($B48,店舗マスタ!$B$5:$B$304,0))) -> 2031171 | K48: =IF($B48="","",INDEX(店舗マスタ!$Q$5:$Q$304,MATCH($B48,店舗マスタ!$B$5:$B$304,0))) -> 1368371 | L48: =IF($B48="","",INDEX(店舗マスタ!$S$5:$S$304,MATCH($B48,店舗マスタ!$B$5:$B$304,0))) -> 662800 | M48: =IF(OR($B48="",D48=""),"",IF(N(J48)=0,"前年なし",D48/J48)) -> 1.5453893 | N48: =IF(OR($B48="",E48=""),"",IF(N(K48)=0,"前年なし",E48/K48)) -> 0.71526655 | O48: =IF(OR($B48="",F48=""),"",IF(N(L48)=0,"前年なし",F48/L48)) -> 3.2592034
A49: =IF($B49="","","ピッコーネ") -> ピッコーネ | B49: =IFERROR(INDEX(店舗マスタ!$B$5:$B$304,MATCH("ピッコーネ|2",店舗マスタ!$L$5:$L$304,0)),"") -> 32580700 | C49: =IF($B49="","",INDEX(店舗マスタ!$C$5:$C$304,MATCH($B49,店舗マスタ!$B$5:$B$304,0))) -> ホテルニューオータニ大阪店 | D49: =IF($B49="","",INDEX(店舗マスタ!$G$5:$G$304,MATCH($B49,店舗マスタ!$B$5:$B$304,0))) -> 946100 | E49: =IF($B49="","",INDEX(店舗マスタ!$P$5:$P$304,MATCH($B49,店舗マスタ!$B$5:$B$304,0))) -> 621400 | F49: =IF($B49="","",INDEX(店舗マスタ!$R$5:$R$304,MATCH($B49,店舗マスタ!$B$5:$B$304,0))) -> 324700 | G49: =IF(OR($B49="",F49=""),"",IF(D49=0,"-",F49/D49)) -> 0.34319839 | H49: =IF($B49="","",INDEX(店舗マスタ!$H$5:$H$304,MATCH($B49,店舗マスタ!$B$5:$B$304,0))) -> 1550000 | I49: =IF($B49="","",IF(H49=0,"-",D49/H49)) -> 0.6103871 | J49: =IF($B49="","",INDEX(店舗マスタ!$I$5:$I$304,MATCH($B49,店舗マスタ!$B$5:$B$304,0))) -> 1285696 | K49: =IF($B49="","",INDEX(店舗マスタ!$Q$5:$Q$304,MATCH($B49,店舗マスタ!$B$5:$B$304,0))) -> 785950 | L49: =IF($B49="","",INDEX(店舗マスタ!$S$5:$S$304,MATCH($B49,店舗マスタ!$B$5:$B$304,0))) -> 499746 | M49: =IF(OR($B49="",D49=""),"",IF(N(J49)=0,"前年なし",D49/J49)) -> 0.73586602 | N49: =IF(OR($B49="",E49=""),"",IF(N(K49)=0,"前年なし",E49/K49)) -> 0.79063554 | O49: =IF(OR($B49="",F49=""),"",IF(N(L49)=0,"前年なし",F49/L49)) -> 0.64973006
A50: =IF($B50="","","ピッコーネ") -> ピッコーネ | B50: =IFERROR(INDEX(店舗マスタ!$B$5:$B$304,MATCH("ピッコーネ|3",店舗マスタ!$L$5:$L$304,0)),"") -> 32580900 | C50: =IF($B50="","",INDEX(店舗マスタ!$C$5:$C$304,MATCH($B50,店舗マスタ!$B$5:$B$304,0))) -> 阪急三番街店 | D50: =IF($B50="","",INDEX(店舗マスタ!$G$5:$G$304,MATCH($B50,店舗マスタ!$B$5:$B$304,0))) -> 6773261 | E50: =IF($B50="","",INDEX(店舗マスタ!$P$5:$P$304,MATCH($B50,店舗マスタ!$B$5:$B$304,0))) -> 904121 | F50: =IF($B50="","",INDEX(店舗マスタ!$R$5:$R$304,MATCH($B50,店舗マスタ!$B$5:$B$304,0))) -> 5869140 | G50: =IF(OR($B50="",F50=""),"",IF(D50=0,"-",F50/D50)) -> 0.86651614 | H50: =IF($B50="","",INDEX(店舗マスタ!$H$5:$H$304,MATCH($B50,店舗マスタ!$B$5:$B$304,0))) -> 3500000 | I50: =IF($B50="","",IF(H50=0,"-",D50/H50)) -> 1.9352174 | J50: =IF($B50="","",INDEX(店舗マスタ!$I$5:$I$304,MATCH($B50,店舗マスタ!$B$5:$B$304,0))) -> 2378787 | K50: =IF($B50="","",INDEX(店舗マスタ!$Q$5:$Q$304,MATCH($B50,店舗マスタ!$B$5:$B$304,0))) -> 1132287 | L50: =IF($B50="","",INDEX(店舗マスタ!$S$5:$S$304,MATCH($B50,店舗マスタ!$B$5:$B$304,0))) -> 1246500 | M50: =IF(OR($B50="",D50=""),"",IF(N(J50)=0,"前年なし",D50/J50)) -> 2.8473592 | N50: =IF(OR($B50="",E50=""),"",IF(N(K50)=0,"前年なし",E50/K50)) -> 0.79849102 | O50: =IF(OR($B50="",F50=""),"",IF(N(L50)=0,"前年なし",F50/L50)) -> 4.7084958
A51: =IF($B51="","","ピッコーネ") -> ピッコーネ | B51: =IFERROR(INDEX(店舗マスタ!$B$5:$B$304,MATCH("ピッコーネ|4",店舗マスタ!$L$5:$L$304,0)),"") -> 32675100 | C51: =IF($B51="","",INDEX(店舗マスタ!$C$5:$C$304,MATCH($B51,店舗マスタ!$B$5:$B$304,0))) -> 東急百貨店たまプラーザ店 | D51: =IF($B51="","",INDEX(店舗マスタ!$G$5:$G$304,MATCH($B51,店舗マスタ!$B$5:$B$304,0))) -> 3108900 | E51: =IF($B51="","",INDEX(店舗マスタ!$P$5:$P$304,MATCH($B51,店舗マスタ!$B$5:$B$304,0))) -> 2879800 | F51: =IF($B51="","",INDEX(店舗マスタ!$R$5:$R$304,MATCH($B51,店舗マスタ!$B$5:$B$304,0))) -> 229100 | G51: =IF(OR($B51="",F51=""),"",IF(D51=0,"-",F51/D51)) -> 0.073691659 | H51: =IF($B51="","",INDEX(店舗マスタ!$H$5:$H$304,MATCH($B51,店舗マスタ!$B$5:$B$304,0))) -> 4800000 | I51: =IF($B51="","",IF(H51=0,"-",D51/H51)) -> 0.6476875 | J51: =IF($B51="","",INDEX(店舗マスタ!$I$5:$I$304,MATCH($B51,店舗マスタ!$B$5:$B$304,0))) -> 4852400 | K51: =IF($B51="","",INDEX(店舗マスタ!$Q$5:$Q$304,MATCH($B51,店舗マスタ!$B$5:$B$304,0))) -> 4498600 | L51: =IF($B51="","",INDEX(店舗マスタ!$S$5:$S$304,MATCH($B51,店舗マスタ!$B$5:$B$304,0))) -> 353800 | M51: =IF(OR($B51="",D51=""),"",IF(N(J51)=0,"前年なし",D51/J51)) -> 0.64069327 | N51: =IF(OR($B51="",E51=""),"",IF(N(K51)=0,"前年なし",E51/K51)) -> 0.64015471 | O51: =IF(OR($B51="",F51=""),"",IF(N(L51)=0,"前年なし",F51/L51)) -> 0.64754098
A52: =IF($B52="","","ピッコーネ") -> ピッコーネ | B52: =IFERROR(INDEX(店舗マスタ!$B$5:$B$304,MATCH("ピッコーネ|5",店舗マスタ!$L$5:$L$304,0)),"") -> 32675300 | C52: =IF($B52="","",INDEX(店舗マスタ!$C$5:$C$304,MATCH($B52,店舗マスタ!$B$5:$B$304,0))) -> 東急百貨店吉祥寺店 | D52: =IF($B52="","",INDEX(店舗マスタ!$G$5:$G$304,MATCH($B52,店舗マスタ!$B$5:$B$304,0))) -> 2224545 | E52: =IF($B52="","",INDEX(店舗マスタ!$P$5:$P$304,MATCH($B52,店舗マスタ!$B$5:$B$304,0))) -> 2102845 | F52: =IF($B52="","",INDEX(店舗マスタ!$R$5:$R$304,MATCH($B52,店舗マスタ!$B$5:$B$304,0))) -> 121700 | G52: =IF(OR($B52="",F52=""),"",IF(D52=0,"-",F52/D52)) -> 0.054707817 | H52: =IF($B52="","",INDEX(店舗マスタ!$H$5:$H$304,MATCH($B52,店舗マスタ!$B$5:$B$304,0))) -> 3200000 | I52: =IF($B52="","",IF(H52=0,"-",D52/H52)) -> 0.69517031 | J52: =IF($B52="","",INDEX(店舗マスタ!$I$5:$I$304,MATCH($B52,店舗マスタ!$B$5:$B$304,0))) -> 3080805 | K52: =IF($B52="","",INDEX(店舗マスタ!$Q$5:$Q$304,MATCH($B52,店舗マスタ!$B$5:$B$304,0))) -> 2919305 | L52: =IF($B52="","",INDEX(店舗マスタ!$S$5:$S$304,MATCH($B52,店舗マスタ!$B$5:$B$304,0))) -> 161500 | M52: =IF(OR($B52="",D52=""),"",IF(N(J52)=0,"前年なし",D52/J52)) -> 0.72206615 | N52: =IF(OR($B52="",E52=""),"",IF(N(K52)=0,"前年なし",E52/K52)) -> 0.72032384 | O52: =IF(OR($B52="",F52=""),"",IF(N(L52)=0,"前年なし",F52/L52)) -> 0.75356037
A53: =IF($B53="","","ピッコーネ") | B53: =IFERROR(INDEX(店舗マスタ!$B$5:$B$304,MATCH("ピッコーネ|6",店舗マスタ!$L$5:$L$304,0)),"") | C53: =IF($B53="","",INDEX(店舗マスタ!$C$5:$C$304,MATCH($B53,店舗マスタ!$B$5:$B$304,0))) | D53: =IF($B53="","",INDEX(店舗マスタ!$G$5:$G$304,MATCH($B53,店舗マスタ!$B$5:$B$304,0))) | E53: =IF($B53="","",INDEX(店舗マスタ!$P$5:$P$304,MATCH($B53,店舗マスタ!$B$5:$B$304,0))) | F53: =IF($B53="","",INDEX(店舗マスタ!$R$5:$R$304,MATCH($B53,店舗マスタ!$B$5:$B$304,0))) | G53: =IF(OR($B53="",F53=""),"",IF(D53=0,"-",F53/D53)) | H53: =IF($B53="","",INDEX(店舗マスタ!$H$5:$H$304,MATCH($B53,店舗マスタ!$B$5:$B$304,0))) | I53: =IF($B53="","",IF(H53=0,"-",D53/H53)) | J53: =IF($B53="","",INDEX(店舗マスタ!$I$5:$I$304,MATCH($B53,店舗マスタ!$B$5:$B$304,0))) | K53: =IF($B53="","",INDEX(店舗マスタ!$Q$5:$Q$304,MATCH($B53,店舗マスタ!$B$5:$B$304,0))) | L53: =IF($B53="","",INDEX(店舗マスタ!$S$5:$S$304,MATCH($B53,店舗マスタ!$B$5:$B$304,0))) | M53: =IF(OR($B53="",D53=""),"",IF(N(J53)=0,"前年なし",D53/J53)) | N53: =IF(OR($B53="",E53=""),"",IF(N(K53)=0,"前年なし",E53/K53)) | O53: =IF(OR($B53="",F53=""),"",IF(N(L53)=0,"前年なし",F53/L53))
A54: =IF($B54="","","ピッコーネ") | B54: =IFERROR(INDEX(店舗マスタ!$B$5:$B$304,MATCH("ピッコーネ|7",店舗マスタ!$L$5:$L$304,0)),"") | C54: =IF($B54="","",INDEX(店舗マスタ!$C$5:$C$304,MATCH($B54,店舗マスタ!$B$5:$B$304,0))) | D54: =IF($B54="","",INDEX(店舗マスタ!$G$5:$G$304,MATCH($B54,店舗マスタ!$B$5:$B$304,0))) | E54: =IF($B54="","",INDEX(店舗マスタ!$P$5:$P$304,MATCH($B54,店舗マスタ!$B$5:$B$304,0))) | F54: =IF($B54="","",INDEX(店舗マスタ!$R$5:$R$304,MATCH($B54,店舗マスタ!$B$5:$B$304,0))) | G54: =IF(OR($B54="",F54=""),"",IF(D54=0,"-",F54/D54)) | H54: =IF($B54="","",INDEX(店舗マスタ!$H$5:$H$304,MATCH($B54,店舗マスタ!$B$5:$B$304,0))) | I54: =IF($B54="","",IF(H54=0,"-",D54/H54)) | J54: =IF($B54="","",INDEX(店舗マスタ!$I$5:$I$304,MATCH($B54,店舗マスタ!$B$5:$B$304,0))) | K54: =IF($B54="","",INDEX(店舗マスタ!$Q$5:$Q$304,MATCH($B54,店舗マスタ!$B$5:$B$304,0))) | L54: =IF($B54="","",INDEX(店舗マスタ!$S$5:$S$304,MATCH($B54,店舗マスタ!$B$5:$B$304,0))) | M54: =IF(OR($B54="",D54=""),"",IF(N(J54)=0,"前年なし",D54/J54)) | N54: =IF(OR($B54="",E54=""),"",IF(N(K54)=0,"前年なし",E54/K54)) | O54: =IF(OR($B54="",F54=""),"",IF(N(L54)=0,"前年なし",F54/L54))
A55: =IF($B55="","","ピッコーネ") | B55: =IFERROR(INDEX(店舗マスタ!$B$5:$B$304,MATCH("ピッコーネ|8",店舗マスタ!$L$5:$L$304,0)),"") | C55: =IF($B55="","",INDEX(店舗マスタ!$C$5:$C$304,MATCH($B55,店舗マスタ!$B$5:$B$304,0))) | D55: =IF($B55="","",INDEX(店舗マスタ!$G$5:$G$304,MATCH($B55,店舗マスタ!$B$5:$B$304,0))) | E55: =IF($B55="","",INDEX(店舗マスタ!$P$5:$P$304,MATCH($B55,店舗マスタ!$B$5:$B$304,0))) | F55: =IF($B55="","",INDEX(店舗マスタ!$R$5:$R$304,MATCH($B55,店舗マスタ!$B$5:$B$304,0))) | G55: =IF(OR($B55="",F55=""),"",IF(D55=0,"-",F55/D55)) | H55: =IF($B55="","",INDEX(店舗マスタ!$H$5:$H$304,MATCH($B55,店舗マスタ!$B$5:$B$304,0))) | I55: =IF($B55="","",IF(H55=0,"-",D55/H55)) | J55: =IF($B55="","",INDEX(店舗マスタ!$I$5:$I$304,MATCH($B55,店舗マスタ!$B$5:$B$304,0))) | K55: =IF($B55="","",INDEX(店舗マスタ!$Q$5:$Q$304,MATCH($B55,店舗マスタ!$B$5:$B$304,0))) | L55: =IF($B55="","",INDEX(店舗マスタ!$S$5:$S$304,MATCH($B55,店舗マスタ!$B$5:$B$304,0))) | M55: =IF(OR($B55="",D55=""),"",IF(N(J55)=0,"前年なし",D55/J55)) | N55: =IF(OR($B55="",E55=""),"",IF(N(K55)=0,"前年なし",E55/K55)) | O55: =IF(OR($B55="",F55=""),"",IF(N(L55)=0,"前年なし",F55/L55))
A56: ="ピッコーネ 小計（"&COUNT(D48:D55)&"店舗）" -> ピッコーネ 小計（5店舗） | D56: =SUBTOTAL(9,D48:D55) -> 16191756 | E56: =SUBTOTAL(9,E48:E55) -> 7486916 | F56: =SUBTOTAL(9,F48:F55) -> 8704840 | G56: =IF(D56=0,"-",F56/D56) -> 0.53760939 | H56: =SUBTOTAL(9,H48:H55) -> 15550000 | I56: =IF(H56=0,"-",D56/H56) -> 1.0412705 | J56: =SUBTOTAL(9,J48:J55) -> 13628859 | K56: =SUBTOTAL(9,K48:K55) -> 10704513 | L56: =SUBTOTAL(9,L48:L55) -> 2924346 | M56: =IF(J56=0,"-",D56/J56) -> 1.1880493 | N56: =IF(K56=0,"-",E56/K56) -> 0.69941678 | O56: =IF(L56=0,"-",F56/L56) -> 2.9766792
A57: =IF($B57="","","複合（アルチビオ＋ピッコーネ系）") -> 複合（アルチビオ＋ピッコーネ系） | B57: =IFERROR(INDEX(店舗マスタ!$B$5:$B$304,MATCH("複合（アルチビオ＋ピッコーネ系）|1",店舗マスタ!$L$5:$L$304,0)),"") -> 32570700 | C57: =IF($B57="","",INDEX(店舗マスタ!$C$5:$C$304,MATCH($B57,店舗マスタ!$B$5:$B$304,0))) -> 西宮阪急店 | D57: =IF($B57="","",INDEX(店舗マスタ!$G$5:$G$304,MATCH($B57,店舗マスタ!$B$5:$B$304,0))) -> 3113117 | E57: =IF($B57="","",INDEX(店舗マスタ!$P$5:$P$304,MATCH($B57,店舗マスタ!$B$5:$B$304,0))) -> 2262257 | F57: =IF($B57="","",INDEX(店舗マスタ!$R$5:$R$304,MATCH($B57,店舗マスタ!$B$5:$B$304,0))) -> 850860 | G57: =IF(OR($B57="",F57=""),"",IF(D57=0,"-",F57/D57)) -> 0.27331449 | H57: =IF($B57="","",INDEX(店舗マスタ!$H$5:$H$304,MATCH($B57,店舗マスタ!$B$5:$B$304,0))) -> 2820000 | I57: =IF($B57="","",IF(H57=0,"-",D57/H57)) -> 1.1039422 | J57: =IF($B57="","",INDEX(店舗マスタ!$I$5:$I$304,MATCH($B57,店舗マスタ!$B$5:$B$304,0))) -> 1836100 | K57: =IF($B57="","",INDEX(店舗マスタ!$Q$5:$Q$304,MATCH($B57,店舗マスタ!$B$5:$B$304,0))) -> 1460300 | L57: =IF($B57="","",INDEX(店舗マスタ!$S$5:$S$304,MATCH($B57,店舗マスタ!$B$5:$B$304,0))) -> 375800 | M57: =IF(OR($B57="",D57=""),"",IF(N(J57)=0,"前年なし",D57/J57)) -> 1.6955051 | N57: =IF(OR($B57="",E57=""),"",IF(N(K57)=0,"前年なし",E57/K57)) -> 1.5491728 | O57: =IF(OR($B57="",F57=""),"",IF(N(L57)=0,"前年なし",F57/L57)) -> 2.2641299
A58: =IF($B58="","","複合（アルチビオ＋ピッコーネ系）") -> 複合（アルチビオ＋ピッコーネ系） | B58: =IFERROR(INDEX(店舗マスタ!$B$5:$B$304,MATCH("複合（アルチビオ＋ピッコーネ系）|2",店舗マスタ!$L$5:$L$304,0)),"") -> 32570800 | C58: =IF($B58="","",INDEX(店舗マスタ!$C$5:$C$304,MATCH($B58,店舗マスタ!$B$5:$B$304,0))) -> 高島屋京都店 | D58: =IF($B58="","",INDEX(店舗マスタ!$G$5:$G$304,MATCH($B58,店舗マスタ!$B$5:$B$304,0))) -> 2791782 | E58: =IF($B58="","",INDEX(店舗マスタ!$P$5:$P$304,MATCH($B58,店舗マスタ!$B$5:$B$304,0))) -> 1985522 | F58: =IF($B58="","",INDEX(店舗マスタ!$R$5:$R$304,MATCH($B58,店舗マスタ!$B$5:$B$304,0))) -> 806260 | G58: =IF(OR($B58="",F58=""),"",IF(D58=0,"-",F58/D58)) -> 0.28879762 | H58: =IF($B58="","",INDEX(店舗マスタ!$H$5:$H$304,MATCH($B58,店舗マスタ!$B$5:$B$304,0))) -> 2782000 | I58: =IF($B58="","",IF(H58=0,"-",D58/H58)) -> 1.0035162 | J58: =IF($B58="","",INDEX(店舗マスタ!$I$5:$I$304,MATCH($B58,店舗マスタ!$B$5:$B$304,0))) -> 2122155 | K58: =IF($B58="","",INDEX(店舗マスタ!$Q$5:$Q$304,MATCH($B58,店舗マスタ!$B$5:$B$304,0))) -> 1409475 | L58: =IF($B58="","",INDEX(店舗マスタ!$S$5:$S$304,MATCH($B58,店舗マスタ!$B$5:$B$304,0))) -> 712680 | M58: =IF(OR($B58="",D58=""),"",IF(N(J58)=0,"前年なし",D58/J58)) -> 1.315541 | N58: =IF(OR($B58="",E58=""),"",IF(N(K58)=0,"前年なし",E58/K58)) -> 1.4086961 | O58: =IF(OR($B58="",F58=""),"",IF(N(L58)=0,"前年なし",F58/L58)) -> 1.1313072
A59: =IF($B59="","","複合（アルチビオ＋ピッコーネ系）") -> 複合（アルチビオ＋ピッコーネ系） | B59: =IFERROR(INDEX(店舗マスタ!$B$5:$B$304,MATCH("複合（アルチビオ＋ピッコーネ系）|3",店舗マスタ!$L$5:$L$304,0)),"") -> 32572200 | C59: =IF($B59="","",INDEX(店舗マスタ!$C$5:$C$304,MATCH($B59,店舗マスタ!$B$5:$B$304,0))) -> 松坂屋名古屋店 | D59: =IF($B59="","",INDEX(店舗マスタ!$G$5:$G$304,MATCH($B59,店舗マスタ!$B$5:$B$304,0))) -> 3842428 | E59: =IF($B59="","",INDEX(店舗マスタ!$P$5:$P$304,MATCH($B59,店舗マスタ!$B$5:$B$304,0))) -> 2779498 | F59: =IF($B59="","",INDEX(店舗マスタ!$R$5:$R$304,MATCH($B59,店舗マスタ!$B$5:$B$304,0))) -> 1062930 | G59: =IF(OR($B59="",F59=""),"",IF(D59=0,"-",F59/D59)) -> 0.27662978 | H59: =IF($B59="","",INDEX(店舗マスタ!$H$5:$H$304,MATCH($B59,店舗マスタ!$B$5:$B$304,0))) -> 6627000 | I59: =IF($B59="","",IF(H59=0,"-",D59/H59)) -> 0.57981409 | J59: =IF($B59="","",INDEX(店舗マスタ!$I$5:$I$304,MATCH($B59,店舗マスタ!$B$5:$B$304,0))) -> 6146895 | K59: =IF($B59="","",INDEX(店舗マスタ!$Q$5:$Q$304,MATCH($B59,店舗マスタ!$B$5:$B$304,0))) -> 5135835 | L59: =IF($B59="","",INDEX(店舗マスタ!$S$5:$S$304,MATCH($B59,店舗マスタ!$B$5:$B$304,0))) -> 1011060 | M59: =IF(OR($B59="",D59=""),"",IF(N(J59)=0,"前年なし",D59/J59)) -> 0.62510064 | N59: =IF(OR($B59="",E59=""),"",IF(N(K59)=0,"前年なし",E59/K59)) -> 0.5411969 | O59: =IF(OR($B59="",F59=""),"",IF(N(L59)=0,"前年なし",F59/L59)) -> 1.0513026
A60: =IF($B60="","","複合（アルチビオ＋ピッコーネ系）") -> 複合（アルチビオ＋ピッコーネ系） | B60: =IFERROR(INDEX(店舗マスタ!$B$5:$B$304,MATCH("複合（アルチビオ＋ピッコーネ系）|4",店舗マスタ!$L$5:$L$304,0)),"") -> 32573300 | C60: =IF($B60="","",INDEX(店舗マスタ!$C$5:$C$304,MATCH($B60,店舗マスタ!$B$5:$B$304,0))) -> あべのハルカス近鉄本店 | D60: =IF($B60="","",INDEX(店舗マスタ!$G$5:$G$304,MATCH($B60,店舗マスタ!$B$5:$B$304,0))) -> 1647880 | E60: =IF($B60="","",INDEX(店舗マスタ!$P$5:$P$304,MATCH($B60,店舗マスタ!$B$5:$B$304,0))) -> 1159540 | F60: =IF($B60="","",INDEX(店舗マスタ!$R$5:$R$304,MATCH($B60,店舗マスタ!$B$5:$B$304,0))) -> 488340 | G60: =IF(OR($B60="",F60=""),"",IF(D60=0,"-",F60/D60)) -> 0.29634439 | H60: =IF($B60="","",INDEX(店舗マスタ!$H$5:$H$304,MATCH($B60,店舗マスタ!$B$5:$B$304,0))) -> 2207000 | I60: =IF($B60="","",IF(H60=0,"-",D60/H60)) -> 0.74666063 | J60: =IF($B60="","",INDEX(店舗マスタ!$I$5:$I$304,MATCH($B60,店舗マスタ!$B$5:$B$304,0))) -> 1610900 | K60: =IF($B60="","",INDEX(店舗マスタ!$Q$5:$Q$304,MATCH($B60,店舗マスタ!$B$5:$B$304,0))) -> 1399900 | L60: =IF($B60="","",INDEX(店舗マスタ!$S$5:$S$304,MATCH($B60,店舗マスタ!$B$5:$B$304,0))) -> 211000 | M60: =IF(OR($B60="",D60=""),"",IF(N(J60)=0,"前年なし",D60/J60)) -> 1.0229561 | N60: =IF(OR($B60="",E60=""),"",IF(N(K60)=0,"前年なし",E60/K60)) -> 0.82830202 | O60: =IF(OR($B60="",F60=""),"",IF(N(L60)=0,"前年なし",F60/L60)) -> 2.3144076
A61: =IF($B61="","","複合（アルチビオ＋ピッコーネ系）") -> 複合（アルチビオ＋ピッコーネ系） | B61: =IFERROR(INDEX(店舗マスタ!$B$5:$B$304,MATCH("複合（アルチビオ＋ピッコーネ系）|5",店舗マスタ!$L$5:$L$304,0)),"") -> 32671500 | C61: =IF($B61="","",INDEX(店舗マスタ!$C$5:$C$304,MATCH($B61,店舗マスタ!$B$5:$B$304,0))) -> 札幌三越 | D61: =IF($B61="","",INDEX(店舗マスタ!$G$5:$G$304,MATCH($B61,店舗マスタ!$B$5:$B$304,0))) -> 2572970 | E61: =IF($B61="","",INDEX(店舗マスタ!$P$5:$P$304,MATCH($B61,店舗マスタ!$B$5:$B$304,0))) -> 1960000 | F61: =IF($B61="","",INDEX(店舗マスタ!$R$5:$R$304,MATCH($B61,店舗マスタ!$B$5:$B$304,0))) -> 612970 | G61: =IF(OR($B61="",F61=""),"",IF(D61=0,"-",F61/D61)) -> 0.23823441 | H61: =IF($B61="","",INDEX(店舗マスタ!$H$5:$H$304,MATCH($B61,店舗マスタ!$B$5:$B$304,0))) -> 3404000 | I61: =IF($B61="","",IF(H61=0,"-",D61/H61)) -> 0.75586663 | J61: =IF($B61="","",INDEX(店舗マスタ!$I$5:$I$304,MATCH($B61,店舗マスタ!$B$5:$B$304,0))) -> 3225660 | K61: =IF($B61="","",INDEX(店舗マスタ!$Q$5:$Q$304,MATCH($B61,店舗マスタ!$B$5:$B$304,0))) -> 2635200 | L61: =IF($B61="","",INDEX(店舗マスタ!$S$5:$S$304,MATCH($B61,店舗マスタ!$B$5:$B$304,0))) -> 590460 | M61: =IF(OR($B61="",D61=""),"",IF(N(J61)=0,"前年なし",D61/J61)) -> 0.79765691 | N61: =IF(OR($B61="",E61=""),"",IF(N(K61)=0,"前年なし",E61/K61)) -> 0.74377656 | O61: =IF(OR($B61="",F61=""),"",IF(N(L61)=0,"前年なし",F61/L61)) -> 1.0381228
A62: =IF($B62="","","複合（アルチビオ＋ピッコーネ系）") | B62: =IFERROR(INDEX(店舗マスタ!$B$5:$B$304,MATCH("複合（アルチビオ＋ピッコーネ系）|6",店舗マスタ!$L$5:$L$304,0)),"") | C62: =IF($B62="","",INDEX(店舗マスタ!$C$5:$C$304,MATCH($B62,店舗マスタ!$B$5:$B$304,0))) | D62: =IF($B62="","",INDEX(店舗マスタ!$G$5:$G$304,MATCH($B62,店舗マスタ!$B$5:$B$304,0))) | E62: =IF($B62="","",INDEX(店舗マスタ!$P$5:$P$304,MATCH($B62,店舗マスタ!$B$5:$B$304,0))) | F62: =IF($B62="","",INDEX(店舗マスタ!$R$5:$R$304,MATCH($B62,店舗マスタ!$B$5:$B$304,0))) | G62: =IF(OR($B62="",F62=""),"",IF(D62=0,"-",F62/D62)) | H62: =IF($B62="","",INDEX(店舗マスタ!$H$5:$H$304,MATCH($B62,店舗マスタ!$B$5:$B$304,0))) | I62: =IF($B62="","",IF(H62=0,"-",D62/H62)) | J62: =IF($B62="","",INDEX(店舗マスタ!$I$5:$I$304,MATCH($B62,店舗マスタ!$B$5:$B$304,0))) | K62: =IF($B62="","",INDEX(店舗マスタ!$Q$5:$Q$304,MATCH($B62,店舗マスタ!$B$5:$B$304,0))) | L62: =IF($B62="","",INDEX(店舗マスタ!$S$5:$S$304,MATCH($B62,店舗マスタ!$B$5:$B$304,0))) | M62: =IF(OR($B62="",D62=""),"",IF(N(J62)=0,"前年なし",D62/J62)) | N62: =IF(OR($B62="",E62=""),"",IF(N(K62)=0,"前年なし",E62/K62)) | O62: =IF(OR($B62="",F62=""),"",IF(N(L62)=0,"前年なし",F62/L62))
A63: =IF($B63="","","複合（アルチビオ＋ピッコーネ系）") | B63: =IFERROR(INDEX(店舗マスタ!$B$5:$B$304,MATCH("複合（アルチビオ＋ピッコーネ系）|7",店舗マスタ!$L$5:$L$304,0)),"") | C63: =IF($B63="","",INDEX(店舗マスタ!$C$5:$C$304,MATCH($B63,店舗マスタ!$B$5:$B$304,0))) | D63: =IF($B63="","",INDEX(店舗マスタ!$G$5:$G$304,MATCH($B63,店舗マスタ!$B$5:$B$304,0))) | E63: =IF($B63="","",INDEX(店舗マスタ!$P$5:$P$304,MATCH($B63,店舗マスタ!$B$5:$B$304,0))) | F63: =IF($B63="","",INDEX(店舗マスタ!$R$5:$R$304,MATCH($B63,店舗マスタ!$B$5:$B$304,0))) | G63: =IF(OR($B63="",F63=""),"",IF(D63=0,"-",F63/D63)) | H63: =IF($B63="","",INDEX(店舗マスタ!$H$5:$H$304,MATCH($B63,店舗マスタ!$B$5:$B$304,0))) | I63: =IF($B63="","",IF(H63=0,"-",D63/H63)) | J63: =IF($B63="","",INDEX(店舗マスタ!$I$5:$I$304,MATCH($B63,店舗マスタ!$B$5:$B$304,0))) | K63: =IF($B63="","",INDEX(店舗マスタ!$Q$5:$Q$304,MATCH($B63,店舗マスタ!$B$5:$B$304,0))) | L63: =IF($B63="","",INDEX(店舗マスタ!$S$5:$S$304,MATCH($B63,店舗マスタ!$B$5:$B$304,0))) | M63: =IF(OR($B63="",D63=""),"",IF(N(J63)=0,"前年なし",D63/J63)) | N63: =IF(OR($B63="",E63=""),"",IF(N(K63)=0,"前年なし",E63/K63)) | O63: =IF(OR($B63="",F63=""),"",IF(N(L63)=0,"前年なし",F63/L63))
A64: =IF($B64="","","複合（アルチビオ＋ピッコーネ系）") | B64: =IFERROR(INDEX(店舗マスタ!$B$5:$B$304,MATCH("複合（アルチビオ＋ピッコーネ系）|8",店舗マスタ!$L$5:$L$304,0)),"") | C64: =IF($B64="","",INDEX(店舗マスタ!$C$5:$C$304,MATCH($B64,店舗マスタ!$B$5:$B$304,0))) | D64: =IF($B64="","",INDEX(店舗マスタ!$G$5:$G$304,MATCH($B64,店舗マスタ!$B$5:$B$304,0))) | E64: =IF($B64="","",INDEX(店舗マスタ!$P$5:$P$304,MATCH($B64,店舗マスタ!$B$5:$B$304,0))) | F64: =IF($B64="","",INDEX(店舗マスタ!$R$5:$R$304,MATCH($B64,店舗マスタ!$B$5:$B$304,0))) | G64: =IF(OR($B64="",F64=""),"",IF(D64=0,"-",F64/D64)) | H64: =IF($B64="","",INDEX(店舗マスタ!$H$5:$H$304,MATCH($B64,店舗マスタ!$B$5:$B$304,0))) | I64: =IF($B64="","",IF(H64=0,"-",D64/H64)) | J64: =IF($B64="","",INDEX(店舗マスタ!$I$5:$I$304,MATCH($B64,店舗マスタ!$B$5:$B$304,0))) | K64: =IF($B64="","",INDEX(店舗マスタ!$Q$5:$Q$304,MATCH($B64,店舗マスタ!$B$5:$B$304,0))) | L64: =IF($B64="","",INDEX(店舗マスタ!$S$5:$S$304,MATCH($B64,店舗マスタ!$B$5:$B$304,0))) | M64: =IF(OR($B64="",D64=""),"",IF(N(J64)=0,"前年なし",D64/J64)) | N64: =IF(OR($B64="",E64=""),"",IF(N(K64)=0,"前年なし",E64/K64)) | O64: =IF(OR($B64="",F64=""),"",IF(N(L64)=0,"前年なし",F64/L64))
A65: ="複合（アルチビオ＋ピッコーネ系） 小計（"&COUNT(D57:D64)&"店舗）" -> 複合（アルチビオ＋ピッコーネ系） 小計（5店舗） | D65: =SUBTOTAL(9,D57:D64) -> 13968177 | E65: =SUBTOTAL(9,E57:E64) -> 10146817 | F65: =SUBTOTAL(9,F57:F64) -> 3821360 | G65: =IF(D65=0,"-",F65/D65) -> 0.27357614 | H65: =SUBTOTAL(9,H57:H64) -> 17840000 | I65: =IF(H65=0,"-",D65/H65) -> 0.78296956 | J65: =SUBTOTAL(9,J57:J64) -> 14941710 | K65: =SUBTOTAL(9,K57:K64) -> 12040710 | L65: =SUBTOTAL(9,L57:L64) -> 2901000 | M65: =IF(J65=0,"-",D65/J65) -> 0.93484461 | N65: =IF(K65=0,"-",E65/K65) -> 0.84270919 | O65: =IF(L65=0,"-",F65/L65) -> 1.3172561
A66: ="総合計（"&COUNT(D6:D65)-4&"店舗）" -> 総合計（44店舗） | D66: =SUBTOTAL(9,D6:D65) -> 110138004 | E66: =SUBTOTAL(9,E6:E65) -> 88214614 | F66: =SUBTOTAL(9,F6:F65) -> 21923390 | G66: =IF(D66=0,"-",F66/D66) -> 0.19905382 | H66: =SUBTOTAL(9,H6:H65) -> 131627000 | I66: =IF(H66=0,"-",D66/H66) -> 0.83674325 | J66: =SUBTOTAL(9,J6:J65) -> 112449780 | K66: =SUBTOTAL(9,K6:K65) -> 97453694 | L66: =SUBTOTAL(9,L6:L65) -> 14996086 | M66: =IF(J66=0,"-",D66/J66) -> 0.9794417 | N66: =IF(K66=0,"-",E66/K66) -> 0.90519518 | O66: =IF(L66=0,"-",F66/L66) -> 1.4619408
A68: ※ P・B列が空欄の場合は「元データ_P」「元データ_B」が未貼付です。B比率 = B売上 ÷ PB合計売上。P売上がマイナスの店舗は返品等がプロパー売上を上回ったもの（元データの値のまま）。

Sheet 店舗別明細
A1: =取込チェック!$H$3 -> POS売上 予算・前年対比（2026年9月度／前年同月 2025年9月）
A2: 売上はPB合計（プロパー＋バーゲン）。ブランド系統ごとに店舗コード順で自動表示します。
A4: ブランド系統 | B4: 店舗コード | C4: 施設・店舗名 | D4: 取扱ブランド | E4: 売上金額 | F4: 予算金額 | G4: 予算達成率 | H4: 予算差額 | I4: 前年売上金額 | J4: 前年対比 | K4: 前年差額
A5: =IF($B5="","","アルチビオ") -> アルチビオ | B5: =IFERROR(INDEX(店舗マスタ!$B$5:$B$304,MATCH("アルチビオ|1",店舗マスタ!$L$5:$L$304,0)),"") -> 32570100 | C5: =IF($B5="","",INDEX(店舗マスタ!$C$5:$C$304,MATCH($B5,店舗マスタ!$B$5:$B$304,0))) -> 高島屋大阪店 | D5: =IF($B5="","",INDEX(店舗マスタ!$D$5:$D$304,MATCH($B5,店舗マスタ!$B$5:$B$304,0))) -> アルチビオ | E5: =IF($B5="","",INDEX(店舗マスタ!$G$5:$G$304,MATCH($B5,店舗マスタ!$B$5:$B$304,0))) -> 2048565 | F5: =IF($B5="","",INDEX(店舗マスタ!$H$5:$H$304,MATCH($B5,店舗マスタ!$B$5:$B$304,0))) -> 2150000 | G5: =IF($B5="","",IF(F5=0,"-",E5/F5)) -> 0.95282093 | H5: =IF($B5="","",E5-F5) -> -101435 | I5: =IF($B5="","",INDEX(店舗マスタ!$I$5:$I$304,MATCH($B5,店舗マスタ!$B$5:$B$304,0))) -> 2098500 | J5: =IF($B5="","",IF(I5=0,"前年実績なし",E5/I5)) -> 0.97620443 | K5: =IF($B5="","",E5-I5) -> -49935
A6: =IF($B6="","","アルチビオ") -> アルチビオ | B6: =IFERROR(INDEX(店舗マスタ!$B$5:$B$304,MATCH("アルチビオ|2",店舗マスタ!$L$5:$L$304,0)),"") -> 32571600 | C6: =IF($B6="","",INDEX(店舗マスタ!$C$5:$C$304,MATCH($B6,店舗マスタ!$B$5:$B$304,0))) -> ジェイアール名古屋タカシマヤ店 | D6: =IF($B6="","",INDEX(店舗マスタ!$D$5:$D$304,MATCH($B6,店舗マスタ!$B$5:$B$304,0))) -> アルチビオ | E6: =IF($B6="","",INDEX(店舗マスタ!$G$5:$G$304,MATCH($B6,店舗マスタ!$B$5:$B$304,0))) -> 3250690 | F6: =IF($B6="","",INDEX(店舗マスタ!$H$5:$H$304,MATCH($B6,店舗マスタ!$B$5:$B$304,0))) -> 3681000 | G6: =IF($B6="","",IF(F6=0,"-",E6/F6)) -> 0.8830997 | H6: =IF($B6="","",E6-F6) -> -430310 | I6: =IF($B6="","",INDEX(店舗マスタ!$I$5:$I$304,MATCH($B6,店舗マスタ!$B$5:$B$304,0))) -> 3216380 | J6: =IF($B6="","",IF(I6=0,"前年実績なし",E6/I6)) -> 1.0106673 | K6: =IF($B6="","",E6-I6) -> 34310
A7: =IF($B7="","","アルチビオ") -> アルチビオ | B7: =IFERROR(INDEX(店舗マスタ!$B$5:$B$304,MATCH("アルチビオ|3",店舗マスタ!$L$5:$L$304,0)),"") -> 32580400 | C7: =IF($B7="","",INDEX(店舗マスタ!$C$5:$C$304,MATCH($B7,店舗マスタ!$B$5:$B$304,0))) -> ハービスPLAZA店 | D7: =IF($B7="","",INDEX(店舗マスタ!$D$5:$D$304,MATCH($B7,店舗マスタ!$B$5:$B$304,0))) -> アルチビオ | E7: =IF($B7="","",INDEX(店舗マスタ!$G$5:$G$304,MATCH($B7,店舗マスタ!$B$5:$B$304,0))) -> 2922845 | F7: =IF($B7="","",INDEX(店舗マスタ!$H$5:$H$304,MATCH($B7,店舗マスタ!$B$5:$B$304,0))) -> 3613000 | G7: =IF($B7="","",IF(F7=0,"-",E7/F7)) -> 0.80898007 | H7: =IF($B7="","",E7-F7) -> -690155 | I7: =IF($B7="","",INDEX(店舗マスタ!$I$5:$I$304,MATCH($B7,店舗マスタ!$B$5:$B$304,0))) -> 3478940 | J7: =IF($B7="","",IF(I7=0,"前年実績なし",E7/I7)) -> 0.8401539 | K7: =IF($B7="","",E7-I7) -> -556095
A8: =IF($B8="","","アルチビオ") -> アルチビオ | B8: =IFERROR(INDEX(店舗マスタ!$B$5:$B$304,MATCH("アルチビオ|4",店舗マスタ!$L$5:$L$304,0)),"") -> 32581000 | C8: =IF($B8="","",INDEX(店舗マスタ!$C$5:$C$304,MATCH($B8,店舗マスタ!$B$5:$B$304,0))) -> 堀江店 | D8: =IF($B8="","",INDEX(店舗マスタ!$D$5:$D$304,MATCH($B8,店舗マスタ!$B$5:$B$304,0))) -> アルチビオ | E8: =IF($B8="","",INDEX(店舗マスタ!$G$5:$G$304,MATCH($B8,店舗マスタ!$B$5:$B$304,0))) -> 1572240 | F8: =IF($B8="","",INDEX(店舗マスタ!$H$5:$H$304,MATCH($B8,店舗マスタ!$B$5:$B$304,0))) -> 2787000 | G8: =IF($B8="","",IF(F8=0,"-",E8/F8)) -> 0.56413348 | H8: =IF($B8="","",E8-F8) -> -1214760 | I8: =IF($B8="","",INDEX(店舗マスタ!$I$5:$I$304,MATCH($B8,店舗マスタ!$B$5:$B$304,0))) -> 2688196 | J8: =IF($B8="","",IF(I8=0,"前年実績なし",E8/I8)) -> 0.58486807 | K8: =IF($B8="","",E8-I8) -> -1115956
A9: =IF($B9="","","アルチビオ") -> アルチビオ | B9: =IFERROR(INDEX(店舗マスタ!$B$5:$B$304,MATCH("アルチビオ|5",店舗マスタ!$L$5:$L$304,0)),"") -> 32670600 | C9: =IF($B9="","",INDEX(店舗マスタ!$C$5:$C$304,MATCH($B9,店舗マスタ!$B$5:$B$304,0))) -> 高島屋新宿店 | D9: =IF($B9="","",INDEX(店舗マスタ!$D$5:$D$304,MATCH($B9,店舗マスタ!$B$5:$B$304,0))) -> アルチビオ | E9: =IF($B9="","",INDEX(店舗マスタ!$G$5:$G$304,MATCH($B9,店舗マスタ!$B$5:$B$304,0))) -> 2991974 | F9: =IF($B9="","",INDEX(店舗マスタ!$H$5:$H$304,MATCH($B9,店舗マスタ!$B$5:$B$304,0))) -> 2571000 | G9: =IF($B9="","",IF(F9=0,"-",E9/F9)) -> 1.1637394 | H9: =IF($B9="","",E9-F9) -> 420974 | I9: =IF($B9="","",INDEX(店舗マスタ!$I$5:$I$304,MATCH($B9,店舗マスタ!$B$5:$B$304,0))) -> 2496485 | J9: =IF($B9="","",IF(I9=0,"前年実績なし",E9/I9)) -> 1.1984747 | K9: =IF($B9="","",E9-I9) -> 495489
A10: =IF($B10="","","アルチビオ") -> アルチビオ | B10: =IFERROR(INDEX(店舗マスタ!$B$5:$B$304,MATCH("アルチビオ|6",店舗マスタ!$L$5:$L$304,0)),"") -> 32673500 | C10: =IF($B10="","",INDEX(店舗マスタ!$C$5:$C$304,MATCH($B10,店舗マスタ!$B$5:$B$304,0))) -> 日本橋三越本店 | D10: =IF($B10="","",INDEX(店舗マスタ!$D$5:$D$304,MATCH($B10,店舗マスタ!$B$5:$B$304,0))) -> アルチビオ | E10: =IF($B10="","",INDEX(店舗マスタ!$G$5:$G$304,MATCH($B10,店舗マスタ!$B$5:$B$304,0))) -> 3069240 | F10: =IF($B10="","",INDEX(店舗マスタ!$H$5:$H$304,MATCH($B10,店舗マスタ!$B$5:$B$304,0))) -> 2691000 | G10: =IF($B10="","",IF(F10=0,"-",E10/F10)) -> 1.1405574 | H10: =IF($B10="","",E10-F10) -> 378240 | I10: =IF($B10="","",INDEX(店舗マスタ!$I$5:$I$304,MATCH($B10,店舗マスタ!$B$5:$B$304,0))) -> 2647100 | J10: =IF($B10="","",IF(I10=0,"前年実績なし",E10/I10)) -> 1.1594726 | K10: =IF($B10="","",E10-I10) -> 422140
A11: =IF($B11="","","アルチビオ") -> アルチビオ | B11: =IFERROR(INDEX(店舗マスタ!$B$5:$B$304,MATCH("アルチビオ|7",店舗マスタ!$L$5:$L$304,0)),"") -> 32673800 | C11: =IF($B11="","",INDEX(店舗マスタ!$C$5:$C$304,MATCH($B11,店舗マスタ!$B$5:$B$304,0))) -> 高島屋横浜店 | D11: =IF($B11="","",INDEX(店舗マスタ!$D$5:$D$304,MATCH($B11,店舗マスタ!$B$5:$B$304,0))) -> アルチビオ | E11: =IF($B11="","",INDEX(店舗マスタ!$G$5:$G$304,MATCH($B11,店舗マスタ!$B$5:$B$304,0))) -> 1579789 | F11: =IF($B11="","",INDEX(店舗マスタ!$H$5:$H$304,MATCH($B11,店舗マスタ!$B$5:$B$304,0))) -> 1900000 | G11: =IF($B11="","",IF(F11=0,"-",E11/F11)) -> 0.83146789 | H11: =IF($B11="","",E11-F11) -> -320211 | I11: =IF($B11="","",INDEX(店舗マスタ!$I$5:$I$304,MATCH($B11,店舗マスタ!$B$5:$B$304,0))) -> 1483030 | J11: =IF($B11="","",IF(I11=0,"前年実績なし",E11/I11)) -> 1.0652441 | K11: =IF($B11="","",E11-I11) -> 96759
A12: =IF($B12="","","アルチビオ") -> アルチビオ | B12: =IFERROR(INDEX(店舗マスタ!$B$5:$B$304,MATCH("アルチビオ|8",店舗マスタ!$L$5:$L$304,0)),"") -> 32673900 | C12: =IF($B12="","",INDEX(店舗マスタ!$C$5:$C$304,MATCH($B12,店舗マスタ!$B$5:$B$304,0))) -> 高島屋高崎店 | D12: =IF($B12="","",INDEX(店舗マスタ!$D$5:$D$304,MATCH($B12,店舗マスタ!$B$5:$B$304,0))) -> アルチビオ | E12: =IF($B12="","",INDEX(店舗マスタ!$G$5:$G$304,MATCH($B12,店舗マスタ!$B$5:$B$304,0))) -> 1117980 | F12: =IF($B12="","",INDEX(店舗マスタ!$H$5:$H$304,MATCH($B12,店舗マスタ!$B$5:$B$304,0))) -> 1249000 | G12: =IF($B12="","",IF(F12=0,"-",E12/F12)) -> 0.89510008 | H12: =IF($B12="","",E12-F12) -> -131020 | I12: =IF($B12="","",INDEX(店舗マスタ!$I$5:$I$304,MATCH($B12,店舗マスタ!$B$5:$B$304,0))) -> 1132140 | J12: =IF($B12="","",IF(I12=0,"前年実績なし",E12/I12)) -> 0.98749271 | K12: =IF($B12="","",E12-I12) -> -14160
A13: =IF($B13="","","アルチビオ") -> アルチビオ | B13: =IFERROR(INDEX(店舗マスタ!$B$5:$B$304,MATCH("アルチビオ|9",店舗マスタ!$L$5:$L$304,0)),"") -> 32674400 | C13: =IF($B13="","",INDEX(店舗マスタ!$C$5:$C$304,MATCH($B13,店舗マスタ!$B$5:$B$304,0))) -> 伊勢丹浦和店 | D13: =IF($B13="","",INDEX(店舗マスタ!$D$5:$D$304,MATCH($B13,店舗マスタ!$B$5:$B$304,0))) -> アルチビオ | E13: =IF($B13="","",INDEX(店舗マスタ!$G$5:$G$304,MATCH($B13,店舗マスタ!$B$5:$B$304,0))) -> 469470 | F13: =IF($B13="","",INDEX(店舗マスタ!$H$5:$H$304,MATCH($B13,店舗マスタ!$B$5:$B$304,0))) -> 1100000 | G13: =IF($B13="","",IF(F13=0,"-",E13/F13)) -> 0.42679091 | H13: =IF($B13="","",E13-F13) -> -630530 | I13: =IF($B13="","",INDEX(店舗マスタ!$I$5:$I$304,MATCH($B13,店舗マスタ!$B$5:$B$304,0))) -> 1083300 | J13: =IF($B13="","",IF(I13=0,"前年実績なし",E13/I13)) -> 0.43337026 | K13: =IF($B13="","",E13-I13) -> -613830
A14: =IF($B14="","","アルチビオ") -> アルチビオ | B14: =IFERROR(INDEX(店舗マスタ!$B$5:$B$304,MATCH("アルチビオ|10",店舗マスタ!$L$5:$L$304,0)),"") -> 32674900 | C14: =IF($B14="","",INDEX(店舗マスタ!$C$5:$C$304,MATCH($B14,店舗マスタ!$B$5:$B$304,0))) -> 松屋銀座本店 | D14: =IF($B14="","",INDEX(店舗マスタ!$D$5:$D$304,MATCH($B14,店舗マスタ!$B$5:$B$304,0))) -> アルチビオ | E14: =IF($B14="","",INDEX(店舗マスタ!$G$5:$G$304,MATCH($B14,店舗マスタ!$B$5:$B$304,0))) -> 1425313 | F14: =IF($B14="","",INDEX(店舗マスタ!$H$5:$H$304,MATCH($B14,店舗マスタ!$B$5:$B$304,0))) -> 2512000 | G14: =IF($B14="","",IF(F14=0,"-",E14/F14)) -> 0.56740167 | H14: =IF($B14="","",E14-F14) -> -1086687 | I14: =IF($B14="","",INDEX(店舗マスタ!$I$5:$I$304,MATCH($B14,店舗マスタ!$B$5:$B$304,0))) -> 1955945 | J14: =IF($B14="","",IF(I14=0,"前年実績なし",E14/I14)) -> 0.72870812 | K14: =IF($B14="","",E14-I14) -> -530632
A15: =IF($B15="","","アルチビオ") -> アルチビオ | B15: =IFERROR(INDEX(店舗マスタ!$B$5:$B$304,MATCH("アルチビオ|11",店舗マスタ!$L$5:$L$304,0)),"") -> 32680600 | C15: =IF($B15="","",INDEX(店舗マスタ!$C$5:$C$304,MATCH($B15,店舗マスタ!$B$5:$B$304,0))) -> 那須ガーデンアウトレット店 | D15: =IF($B15="","",INDEX(店舗マスタ!$D$5:$D$304,MATCH($B15,店舗マスタ!$B$5:$B$304,0))) -> アルチビオ | E15: =IF($B15="","",INDEX(店舗マスタ!$G$5:$G$304,MATCH($B15,店舗マスタ!$B$5:$B$304,0))) -> 1066595 | F15: =IF($B15="","",INDEX(店舗マスタ!$H$5:$H$304,MATCH($B15,店舗マスタ!$B$5:$B$304,0))) -> 2600000 | G15: =IF($B15="","",IF(F15=0,"-",E15/F15)) -> 0.41022885 | H15: =IF($B15="","",E15-F15) -> -1533405 | I15: =IF($B15="","",INDEX(店舗マスタ!$I$5:$I$304,MATCH($B15,店舗マスタ!$B$5:$B$304,0))) -> 1845195 | J15: =IF($B15="","",IF(I15=0,"前年実績なし",E15/I15)) -> 0.57803918 | K15: =IF($B15="","",E15-I15) -> -778600
A16: =IF($B16="","","アルチビオ") | B16: =IFERROR(INDEX(店舗マスタ!$B$5:$B$304,MATCH("アルチビオ|12",店舗マスタ!$L$5:$L$304,0)),"") | C16: =IF($B16="","",INDEX(店舗マスタ!$C$5:$C$304,MATCH($B16,店舗マスタ!$B$5:$B$304,0))) | D16: =IF($B16="","",INDEX(店舗マスタ!$D$5:$D$304,MATCH($B16,店舗マスタ!$B$5:$B$304,0))) | E16: =IF($B16="","",INDEX(店舗マスタ!$G$5:$G$304,MATCH($B16,店舗マスタ!$B$5:$B$304,0))) | F16: =IF($B16="","",INDEX(店舗マスタ!$H$5:$H$304,MATCH($B16,店舗マスタ!$B$5:$B$304,0))) | G16: =IF($B16="","",IF(F16=0,"-",E16/F16)) | H16: =IF($B16="","",E16-F16) | I16: =IF($B16="","",INDEX(店舗マスタ!$I$5:$I$304,MATCH($B16,店舗マスタ!$B$5:$B$304,0))) | J16: =IF($B16="","",IF(I16=0,"前年実績なし",E16/I16)) | K16: =IF($B16="","",E16-I16)
A17: =IF($B17="","","アルチビオ") | B17: =IFERROR(INDEX(店舗マスタ!$B$5:$B$304,MATCH("アルチビオ|13",店舗マスタ!$L$5:$L$304,0)),"") | C17: =IF($B17="","",INDEX(店舗マスタ!$C$5:$C$304,MATCH($B17,店舗マスタ!$B$5:$B$304,0))) | D17: =IF($B17="","",INDEX(店舗マスタ!$D$5:$D$304,MATCH($B17,店舗マスタ!$B$5:$B$304,0))) | E17: =IF($B17="","",INDEX(店舗マスタ!$G$5:$G$304,MATCH($B17,店舗マスタ!$B$5:$B$304,0))) | F17: =IF($B17="","",INDEX(店舗マスタ!$H$5:$H$304,MATCH($B17,店舗マスタ!$B$5:$B$304,0))) | G17: =IF($B17="","",IF(F17=0,"-",E17/F17)) | H17: =IF($B17="","",E17-F17) | I17: =IF($B17="","",INDEX(店舗マスタ!$I$5:$I$304,MATCH($B17,店舗マスタ!$B$5:$B$304,0))) | J17: =IF($B17="","",IF(I17=0,"前年実績なし",E17/I17)) | K17: =IF($B17="","",E17-I17)
A18: =IF($B18="","","アルチビオ") | B18: =IFERROR(INDEX(店舗マスタ!$B$5:$B$304,MATCH("アルチビオ|14",店舗マスタ!$L$5:$L$304,0)),"") | C18: =IF($B18="","",INDEX(店舗マスタ!$C$5:$C$304,MATCH($B18,店舗マスタ!$B$5:$B$304,0))) | D18: =IF($B18="","",INDEX(店舗マスタ!$D$5:$D$304,MATCH($B18,店舗マスタ!$B$5:$B$304,0))) | E18: =IF($B18="","",INDEX(店舗マスタ!$G$5:$G$304,MATCH($B18,店舗マスタ!$B$5:$B$304,0))) | F18: =IF($B18="","",INDEX(店舗マスタ!$H$5:$H$304,MATCH($B18,店舗マスタ!$B$5:$B$304,0))) | G18: =IF($B18="","",IF(F18=0,"-",E18/F18)) | H18: =IF($B18="","",E18-F18) | I18: =IF($B18="","",INDEX(店舗マスタ!$I$5:$I$304,MATCH($B18,店舗マスタ!$B$5:$B$304,0))) | J18: =IF($B18="","",IF(I18=0,"前年実績なし",E18/I18)) | K18: =IF($B18="","",E18-I18)
A19: ="アルチビオ 小計（"&COUNT(E5:E18)&"店舗）" -> アルチビオ 小計（11店舗） | E19: =SUBTOTAL(9,E5:E18) -> 21514701 | F19: =SUBTOTAL(9,F5:F18) -> 26854000 | G19: =IF(F19=0,"-",E19/F19) -> 0.80117305 | H19: =E19-F19 -> -5339299 | I19: =SUBTOTAL(9,I5:I18) -> 24125211 | J19: =IF(I19=0,"-",E19/I19) -> 0.89179328 | K19: =E19-I19 -> -2610510
A20: =IF($B20="","","スタジオピッコーネ／ピッコーネクラブ") -> スタジオピッコーネ／ピッコーネクラブ | B20: =IFERROR(INDEX(店舗マスタ!$B$5:$B$304,MATCH("スタジオピッコーネ／ピッコーネクラブ|1",店舗マスタ!$L$5:$L$304,0)),"") -> 32570200 | C20: =IF($B20="","",INDEX(店舗マスタ!$C$5:$C$304,MATCH($B20,店舗マスタ!$B$5:$B$304,0))) -> 高島屋大阪店 | D20: =IF($B20="","",INDEX(店舗マスタ!$D$5:$D$304,MATCH($B20,店舗マスタ!$B$5:$B$304,0))) -> スタジオピッコーネ・ピッコーネクラブ | E20: =IF($B20="","",INDEX(店舗マスタ!$G$5:$G$304,MATCH($B20,店舗マスタ!$B$5:$B$304,0))) -> 3137700 | F20: =IF($B20="","",INDEX(店舗マスタ!$H$5:$H$304,MATCH($B20,店舗マスタ!$B$5:$B$304,0))) -> 4320000 | G20: =IF($B20="","",IF(F20=0,"-",E20/F20)) -> 0.72631944 | H20: =IF($B20="","",E20-F20) -> -1182300 | I20: =IF($B20="","",INDEX(店舗マスタ!$I$5:$I$304,MATCH($B20,店舗マスタ!$B$5:$B$304,0))) -> 4174590 | J20: =IF($B20="","",IF(I20=0,"前年実績なし",E20/I20)) -> 0.75161872 | K20: =IF($B20="","",E20-I20) -> -1036890
A21: =IF($B21="","","スタジオピッコーネ／ピッコーネクラブ") -> スタジオピッコーネ／ピッコーネクラブ | B21: =IFERROR(INDEX(店舗マスタ!$B$5:$B$304,MATCH("スタジオピッコーネ／ピッコーネクラブ|2",店舗マスタ!$L$5:$L$304,0)),"") -> 32572600 | C21: =IF($B21="","",INDEX(店舗マスタ!$C$5:$C$304,MATCH($B21,店舗マスタ!$B$5:$B$304,0))) -> 大丸福岡天神店 | D21: =IF($B21="","",INDEX(店舗マスタ!$D$5:$D$304,MATCH($B21,店舗マスタ!$B$5:$B$304,0))) -> スタジオピッコーネ・ピッコーネクラブ | E21: =IF($B21="","",INDEX(店舗マスタ!$G$5:$G$304,MATCH($B21,店舗マスタ!$B$5:$B$304,0))) -> 2083600 | F21: =IF($B21="","",INDEX(店舗マスタ!$H$5:$H$304,MATCH($B21,店舗マスタ!$B$5:$B$304,0))) -> 2100000 | G21: =IF($B21="","",IF(F21=0,"-",E21/F21)) -> 0.99219048 | H21: =IF($B21="","",E21-F21) -> -16400 | I21: =IF($B21="","",INDEX(店舗マスタ!$I$5:$I$304,MATCH($B21,店舗マスタ!$B$5:$B$304,0))) -> 1633800 | J21: =IF($B21="","",IF(I21=0,"前年実績なし",E21/I21)) -> 1.2753091 | K21: =IF($B21="","",E21-I21) -> 449800
A22: =IF($B22="","","スタジオピッコーネ／ピッコーネクラブ") -> スタジオピッコーネ／ピッコーネクラブ | B22: =IFERROR(INDEX(店舗マスタ!$B$5:$B$304,MATCH("スタジオピッコーネ／ピッコーネクラブ|3",店舗マスタ!$L$5:$L$304,0)),"") -> 32573200 | C22: =IF($B22="","",INDEX(店舗マスタ!$C$5:$C$304,MATCH($B22,店舗マスタ!$B$5:$B$304,0))) -> あべのハルカス近鉄本店 | D22: =IF($B22="","",INDEX(店舗マスタ!$D$5:$D$304,MATCH($B22,店舗マスタ!$B$5:$B$304,0))) -> スタジオピッコーネ | E22: =IF($B22="","",INDEX(店舗マスタ!$G$5:$G$304,MATCH($B22,店舗マスタ!$B$5:$B$304,0))) -> 3507580 | F22: =IF($B22="","",INDEX(店舗マスタ!$H$5:$H$304,MATCH($B22,店舗マスタ!$B$5:$B$304,0))) -> 4120000 | G22: =IF($B22="","",IF(F22=0,"-",E22/F22)) -> 0.85135437 | H22: =IF($B22="","",E22-F22) -> -612420 | I22: =IF($B22="","",INDEX(店舗マスタ!$I$5:$I$304,MATCH($B22,店舗マスタ!$B$5:$B$304,0))) -> 4003095 | J22: =IF($B22="","",IF(I22=0,"前年実績なし",E22/I22)) -> 0.87621703 | K22: =IF($B22="","",E22-I22) -> -495515
A23: =IF($B23="","","スタジオピッコーネ／ピッコーネクラブ") -> スタジオピッコーネ／ピッコーネクラブ | B23: =IFERROR(INDEX(店舗マスタ!$B$5:$B$304,MATCH("スタジオピッコーネ／ピッコーネクラブ|4",店舗マスタ!$L$5:$L$304,0)),"") -> 32573400 | C23: =IF($B23="","",INDEX(店舗マスタ!$C$5:$C$304,MATCH($B23,店舗マスタ!$B$5:$B$304,0))) -> 近鉄百貨店和歌山店 | D23: =IF($B23="","",INDEX(店舗マスタ!$D$5:$D$304,MATCH($B23,店舗マスタ!$B$5:$B$304,0))) -> スタジオピッコーネ・ピッコーネクラブ | E23: =IF($B23="","",INDEX(店舗マスタ!$G$5:$G$304,MATCH($B23,店舗マスタ!$B$5:$B$304,0))) -> 1872645 | F23: =IF($B23="","",INDEX(店舗マスタ!$H$5:$H$304,MATCH($B23,店舗マスタ!$B$5:$B$304,0))) -> 2300000 | G23: =IF($B23="","",IF(F23=0,"-",E23/F23)) -> 0.81419348 | H23: =IF($B23="","",E23-F23) -> -427355 | I23: =IF($B23="","",INDEX(店舗マスタ!$I$5:$I$304,MATCH($B23,店舗マスタ!$B$5:$B$304,0))) -> 2355195 | J23: =IF($B23="","",IF(I23=0,"前年実績なし",E23/I23)) -> 0.79511251 | K23: =IF($B23="","",E23-I23) -> -482550
A24: =IF($B24="","","スタジオピッコーネ／ピッコーネクラブ") -> スタジオピッコーネ／ピッコーネクラブ | B24: =IFERROR(INDEX(店舗マスタ!$B$5:$B$304,MATCH("スタジオピッコーネ／ピッコーネクラブ|5",店舗マスタ!$L$5:$L$304,0)),"") -> 32573700 | C24: =IF($B24="","",INDEX(店舗マスタ!$C$5:$C$304,MATCH($B24,店舗マスタ!$B$5:$B$304,0))) -> 近鉄百貨店上本町店 | D24: =IF($B24="","",INDEX(店舗マスタ!$D$5:$D$304,MATCH($B24,店舗マスタ!$B$5:$B$304,0))) -> スタジオピッコーネ・ピッコーネクラブ | E24: =IF($B24="","",INDEX(店舗マスタ!$G$5:$G$304,MATCH($B24,店舗マスタ!$B$5:$B$304,0))) -> 2637800 | F24: =IF($B24="","",INDEX(店舗マスタ!$H$5:$H$304,MATCH($B24,店舗マスタ!$B$5:$B$304,0))) -> 1950000 | G24: =IF($B24="","",IF(F24=0,"-",E24/F24)) -> 1.3527179 | H24: =IF($B24="","",E24-F24) -> 687800 | I24: =IF($B24="","",INDEX(店舗マスタ!$I$5:$I$304,MATCH($B24,店舗マスタ!$B$5:$B$304,0))) -> 1931500 | J24: =IF($B24="","",IF(I24=0,"前年実績なし",E24/I24)) -> 1.3656743 | K24: =IF($B24="","",E24-I24) -> 706300
A25: =IF($B25="","","スタジオピッコーネ／ピッコーネクラブ") -> スタジオピッコーネ／ピッコーネクラブ | B25: =IFERROR(INDEX(店舗マスタ!$B$5:$B$304,MATCH("スタジオピッコーネ／ピッコーネクラブ|6",店舗マスタ!$L$5:$L$304,0)),"") -> 32573800 | C25: =IF($B25="","",INDEX(店舗マスタ!$C$5:$C$304,MATCH($B25,店舗マスタ!$B$5:$B$304,0))) -> 近鉄百貨店奈良店 | D25: =IF($B25="","",INDEX(店舗マスタ!$D$5:$D$304,MATCH($B25,店舗マスタ!$B$5:$B$304,0))) -> スタジオピッコーネ・ピッコーネクラブ | E25: =IF($B25="","",INDEX(店舗マスタ!$G$5:$G$304,MATCH($B25,店舗マスタ!$B$5:$B$304,0))) -> 3204200 | F25: =IF($B25="","",INDEX(店舗マスタ!$H$5:$H$304,MATCH($B25,店舗マスタ!$B$5:$B$304,0))) -> 3150000 | G25: =IF($B25="","",IF(F25=0,"-",E25/F25)) -> 1.0172063 | H25: =IF($B25="","",E25-F25) -> 54200 | I25: =IF($B25="","",INDEX(店舗マスタ!$I$5:$I$304,MATCH($B25,店舗マスタ!$B$5:$B$304,0))) -> 3186800 | J25: =IF($B25="","",IF(I25=0,"前年実績なし",E25/I25)) -> 1.00546 | K25: =IF($B25="","",E25-I25) -> 17400
A26: =IF($B26="","","スタジオピッコーネ／ピッコーネクラブ") -> スタジオピッコーネ／ピッコーネクラブ | B26: =IFERROR(INDEX(店舗マスタ!$B$5:$B$304,MATCH("スタジオピッコーネ／ピッコーネクラブ|7",店舗マスタ!$L$5:$L$304,0)),"") -> 32573900 | C26: =IF($B26="","",INDEX(店舗マスタ!$C$5:$C$304,MATCH($B26,店舗マスタ!$B$5:$B$304,0))) -> 近鉄百貨店橿原店 | D26: =IF($B26="","",INDEX(店舗マスタ!$D$5:$D$304,MATCH($B26,店舗マスタ!$B$5:$B$304,0))) -> スタジオピッコーネ | E26: =IF($B26="","",INDEX(店舗マスタ!$G$5:$G$304,MATCH($B26,店舗マスタ!$B$5:$B$304,0))) -> 1744500 | F26: =IF($B26="","",INDEX(店舗マスタ!$H$5:$H$304,MATCH($B26,店舗マスタ!$B$5:$B$304,0))) -> 1880000 | G26: =IF($B26="","",IF(F26=0,"-",E26/F26)) -> 0.92792553 | H26: =IF($B26="","",E26-F26) -> -135500 | I26: =IF($B26="","",INDEX(店舗マスタ!$I$5:$I$304,MATCH($B26,店舗マスタ!$B$5:$B$304,0))) -> 1846800 | J26: =IF($B26="","",IF(I26=0,"前年実績なし",E26/I26)) -> 0.94460689 | K26: =IF($B26="","",E26-I26) -> -102300
A27: =IF($B27="","","スタジオピッコーネ／ピッコーネクラブ") -> スタジオピッコーネ／ピッコーネクラブ | B27: =IFERROR(INDEX(店舗マスタ!$B$5:$B$304,MATCH("スタジオピッコーネ／ピッコーネクラブ|8",店舗マスタ!$L$5:$L$304,0)),"") -> 32574100 | C27: =IF($B27="","",INDEX(店舗マスタ!$C$5:$C$304,MATCH($B27,店舗マスタ!$B$5:$B$304,0))) -> 広島三越店 | D27: =IF($B27="","",INDEX(店舗マスタ!$D$5:$D$304,MATCH($B27,店舗マスタ!$B$5:$B$304,0))) -> スタジオピッコーネ | E27: =IF($B27="","",INDEX(店舗マスタ!$G$5:$G$304,MATCH($B27,店舗マスタ!$B$5:$B$304,0))) -> 1187800 | F27: =IF($B27="","",INDEX(店舗マスタ!$H$5:$H$304,MATCH($B27,店舗マスタ!$B$5:$B$304,0))) -> 1700000 | G27: =IF($B27="","",IF(F27=0,"-",E27/F27)) -> 0.69870588 | H27: =IF($B27="","",E27-F27) -> -512200 | I27: =IF($B27="","",INDEX(店舗マスタ!$I$5:$I$304,MATCH($B27,店舗マスタ!$B$5:$B$304,0))) -> 1274700 | J27: =IF($B27="","",IF(I27=0,"前年実績なし",E27/I27)) -> 0.9318271 | K27: =IF($B27="","",E27-I27) -> -86900
A28: =IF($B28="","","スタジオピッコーネ／ピッコーネクラブ") -> スタジオピッコーネ／ピッコーネクラブ | B28: =IFERROR(INDEX(店舗マスタ!$B$5:$B$304,MATCH("スタジオピッコーネ／ピッコーネクラブ|9",店舗マスタ!$L$5:$L$304,0)),"") -> 32575700 | C28: =IF($B28="","",INDEX(店舗マスタ!$C$5:$C$304,MATCH($B28,店舗マスタ!$B$5:$B$304,0))) -> 名古屋三越栄店 | D28: =IF($B28="","",INDEX(店舗マスタ!$D$5:$D$304,MATCH($B28,店舗マスタ!$B$5:$B$304,0))) -> スタジオピッコーネ | E28: =IF($B28="","",INDEX(店舗マスタ!$G$5:$G$304,MATCH($B28,店舗マスタ!$B$5:$B$304,0))) -> 4266900 | F28: =IF($B28="","",INDEX(店舗マスタ!$H$5:$H$304,MATCH($B28,店舗マスタ!$B$5:$B$304,0))) -> 4200000 | G28: =IF($B28="","",IF(F28=0,"-",E28/F28)) -> 1.0159286 | H28: =IF($B28="","",E28-F28) -> 66900 | I28: =IF($B28="","",INDEX(店舗マスタ!$I$5:$I$304,MATCH($B28,店舗マスタ!$B$5:$B$304,0))) -> 4153200 | J28: =IF($B28="","",IF(I28=0,"前年実績なし",E28/I28)) -> 1.0273765 | K28: =IF($B28="","",E28-I28) -> 113700
A29: =IF($B29="","","スタジオピッコーネ／ピッコーネクラブ") -> スタジオピッコーネ／ピッコーネクラブ | B29: =IFERROR(INDEX(店舗マスタ!$B$5:$B$304,MATCH("スタジオピッコーネ／ピッコーネクラブ|10",店舗マスタ!$L$5:$L$304,0)),"") -> 32670200 | C29: =IF($B29="","",INDEX(店舗マスタ!$C$5:$C$304,MATCH($B29,店舗マスタ!$B$5:$B$304,0))) -> 高島屋横浜店 | D29: =IF($B29="","",INDEX(店舗マスタ!$D$5:$D$304,MATCH($B29,店舗マスタ!$B$5:$B$304,0))) -> スタジオピッコーネ・ピッコーネクラブ | E29: =IF($B29="","",INDEX(店舗マスタ!$G$5:$G$304,MATCH($B29,店舗マスタ!$B$5:$B$304,0))) -> 3134900 | F29: =IF($B29="","",INDEX(店舗マスタ!$H$5:$H$304,MATCH($B29,店舗マスタ!$B$5:$B$304,0))) -> 6100000 | G29: =IF($B29="","",IF(F29=0,"-",E29/F29)) -> 0.51391803 | H29: =IF($B29="","",E29-F29) -> -2965100 | I29: =IF($B29="","",INDEX(店舗マスタ!$I$5:$I$304,MATCH($B29,店舗マスタ!$B$5:$B$304,0))) -> 3604510 | J29: =IF($B29="","",IF(I29=0,"前年実績なし",E29/I29)) -> 0.86971599 | K29: =IF($B29="","",E29-I29) -> -469610
A30: =IF($B30="","","スタジオピッコーネ／ピッコーネクラブ") -> スタジオピッコーネ／ピッコーネクラブ | B30: =IFERROR(INDEX(店舗マスタ!$B$5:$B$304,MATCH("スタジオピッコーネ／ピッコーネクラブ|11",店舗マスタ!$L$5:$L$304,0)),"") -> 32670400 | C30: =IF($B30="","",INDEX(店舗マスタ!$C$5:$C$304,MATCH($B30,店舗マスタ!$B$5:$B$304,0))) -> 高島屋高崎店 | D30: =IF($B30="","",INDEX(店舗マスタ!$D$5:$D$304,MATCH($B30,店舗マスタ!$B$5:$B$304,0))) -> スタジオピッコーネ・ピッコーネクラブ | E30: =IF($B30="","",INDEX(店舗マスタ!$G$5:$G$304,MATCH($B30,店舗マスタ!$B$5:$B$304,0))) -> 2640520 | F30: =IF($B30="","",INDEX(店舗マスタ!$H$5:$H$304,MATCH($B30,店舗マスタ!$B$5:$B$304,0))) -> 4410000 | G30: =IF($B30="","",IF(F30=0,"-",E30/F30)) -> 0.59875737 | H30: =IF($B30="","",E30-F30) -> -1769480 | I30: =IF($B30="","",INDEX(店舗マスタ!$I$5:$I$304,MATCH($B30,店舗マスタ!$B$5:$B$304,0))) -> 2984120 | J30: =IF($B30="","",IF(I30=0,"前年実績なし",E30/I30)) -> 0.88485718 | K30: =IF($B30="","",E30-I30) -> -343600
A31: =IF($B31="","","スタジオピッコーネ／ピッコーネクラブ") -> スタジオピッコーネ／ピッコーネクラブ | B31: =IFERROR(INDEX(店舗マスタ!$B$5:$B$304,MATCH("スタジオピッコーネ／ピッコーネクラブ|12",店舗マスタ!$L$5:$L$304,0)),"") -> 32670900 | C31: =IF($B31="","",INDEX(店舗マスタ!$C$5:$C$304,MATCH($B31,店舗マスタ!$B$5:$B$304,0))) -> 東武百貨店池袋店 | D31: =IF($B31="","",INDEX(店舗マスタ!$D$5:$D$304,MATCH($B31,店舗マスタ!$B$5:$B$304,0))) -> スタジオピッコーネ・ピッコーネクラブ | E31: =IF($B31="","",INDEX(店舗マスタ!$G$5:$G$304,MATCH($B31,店舗マスタ!$B$5:$B$304,0))) -> 5052300 | F31: =IF($B31="","",INDEX(店舗マスタ!$H$5:$H$304,MATCH($B31,店舗マスタ!$B$5:$B$304,0))) -> 5370000 | G31: =IF($B31="","",IF(F31=0,"-",E31/F31)) -> 0.94083799 | H31: =IF($B31="","",E31-F31) -> -317700 | I31: =IF($B31="","",INDEX(店舗マスタ!$I$5:$I$304,MATCH($B31,店舗マスタ!$B$5:$B$304,0))) -> 5057100 | J31: =IF($B31="","",IF(I31=0,"前年実績なし",E31/I31)) -> 0.99905084 | K31: =IF($B31="","",E31-I31) -> -4800
A32: =IF($B32="","","スタジオピッコーネ／ピッコーネクラブ") -> スタジオピッコーネ／ピッコーネクラブ | B32: =IFERROR(INDEX(店舗マスタ!$B$5:$B$304,MATCH("スタジオピッコーネ／ピッコーネクラブ|13",店舗マスタ!$L$5:$L$304,0)),"") -> 32671400 | C32: =IF($B32="","",INDEX(店舗マスタ!$C$5:$C$304,MATCH($B32,店舗マスタ!$B$5:$B$304,0))) -> 日本橋三越本店 | D32: =IF($B32="","",INDEX(店舗マスタ!$D$5:$D$304,MATCH($B32,店舗マスタ!$B$5:$B$304,0))) -> スタジオピッコーネ・ピッコーネクラブ | E32: =IF($B32="","",INDEX(店舗マスタ!$G$5:$G$304,MATCH($B32,店舗マスタ!$B$5:$B$304,0))) -> 4633300 | F32: =IF($B32="","",INDEX(店舗マスタ!$H$5:$H$304,MATCH($B32,店舗マスタ!$B$5:$B$304,0))) -> 7990000 | G32: =IF($B32="","",IF(F32=0,"-",E32/F32)) -> 0.57988736 | H32: =IF($B32="","",E32-F32) -> -3356700 | I32: =IF($B32="","",INDEX(店舗マスタ!$I$5:$I$304,MATCH($B32,店舗マスタ!$B$5:$B$304,0))) -> 5799600 | J32: =IF($B32="","",IF(I32=0,"前年実績なし",E32/I32)) -> 0.79889992 | K32: =IF($B32="","",E32-I32) -> -1166300
A33: =IF($B33="","","スタジオピッコーネ／ピッコーネクラブ") -> スタジオピッコーネ／ピッコーネクラブ | B33: =IFERROR(INDEX(店舗マスタ!$B$5:$B$304,MATCH("スタジオピッコーネ／ピッコーネクラブ|14",店舗マスタ!$L$5:$L$304,0)),"") -> 32671900 | C33: =IF($B33="","",INDEX(店舗マスタ!$C$5:$C$304,MATCH($B33,店舗マスタ!$B$5:$B$304,0))) -> 松坂屋上野店 | D33: =IF($B33="","",INDEX(店舗マスタ!$D$5:$D$304,MATCH($B33,店舗マスタ!$B$5:$B$304,0))) -> スタジオピッコーネ・ピッコーネクラブ | E33: =IF($B33="","",INDEX(店舗マスタ!$G$5:$G$304,MATCH($B33,店舗マスタ!$B$5:$B$304,0))) -> 1841920 | F33: =IF($B33="","",INDEX(店舗マスタ!$H$5:$H$304,MATCH($B33,店舗マスタ!$B$5:$B$304,0))) -> 2050000 | G33: =IF($B33="","",IF(F33=0,"-",E33/F33)) -> 0.89849756 | H33: =IF($B33="","",E33-F33) -> -208080 | I33: =IF($B33="","",INDEX(店舗マスタ!$I$5:$I$304,MATCH($B33,店舗マスタ!$B$5:$B$304,0))) -> 1940260 | J33: =IF($B33="","",IF(I33=0,"前年実績なし",E33/I33)) -> 0.94931607 | K33: =IF($B33="","",E33-I33) -> -98340
A34: =IF($B34="","","スタジオピッコーネ／ピッコーネクラブ") -> スタジオピッコーネ／ピッコーネクラブ | B34: =IFERROR(INDEX(店舗マスタ!$B$5:$B$304,MATCH("スタジオピッコーネ／ピッコーネクラブ|15",店舗マスタ!$L$5:$L$304,0)),"") -> 32673300 | C34: =IF($B34="","",INDEX(店舗マスタ!$C$5:$C$304,MATCH($B34,店舗マスタ!$B$5:$B$304,0))) -> 松屋銀座本店 | D34: =IF($B34="","",INDEX(店舗マスタ!$D$5:$D$304,MATCH($B34,店舗マスタ!$B$5:$B$304,0))) -> スタジオピッコーネ・ピッコーネクラブ | E34: =IF($B34="","",INDEX(店舗マスタ!$G$5:$G$304,MATCH($B34,店舗マスタ!$B$5:$B$304,0))) -> 3005230 | F34: =IF($B34="","",INDEX(店舗マスタ!$H$5:$H$304,MATCH($B34,店舗マスタ!$B$5:$B$304,0))) -> 3050000 | G34: =IF($B34="","",IF(F34=0,"-",E34/F34)) -> 0.98532131 | H34: =IF($B34="","",E34-F34) -> -44770 | I34: =IF($B34="","",INDEX(店舗マスタ!$I$5:$I$304,MATCH($B34,店舗マスタ!$B$5:$B$304,0))) -> 2843445 | J34: =IF($B34="","",IF(I34=0,"前年実績なし",E34/I34)) -> 1.0568975 | K34: =IF($B34="","",E34-I34) -> 161785
A35: =IF($B35="","","スタジオピッコーネ／ピッコーネクラブ") -> スタジオピッコーネ／ピッコーネクラブ | B35: =IFERROR(INDEX(店舗マスタ!$B$5:$B$304,MATCH("スタジオピッコーネ／ピッコーネクラブ|16",店舗マスタ!$L$5:$L$304,0)),"") -> 32674100 | C35: =IF($B35="","",INDEX(店舗マスタ!$C$5:$C$304,MATCH($B35,店舗マスタ!$B$5:$B$304,0))) -> 東武百貨店船橋店 | D35: =IF($B35="","",INDEX(店舗マスタ!$D$5:$D$304,MATCH($B35,店舗マスタ!$B$5:$B$304,0))) -> スタジオピッコーネ・ピッコーネクラブ | E35: =IF($B35="","",INDEX(店舗マスタ!$G$5:$G$304,MATCH($B35,店舗マスタ!$B$5:$B$304,0))) -> 2155045 | F35: =IF($B35="","",INDEX(店舗マスタ!$H$5:$H$304,MATCH($B35,店舗マスタ!$B$5:$B$304,0))) -> 1923000 | G35: =IF($B35="","",IF(F35=0,"-",E35/F35)) -> 1.1206682 | H35: =IF($B35="","",E35-F35) -> 232045 | I35: =IF($B35="","",INDEX(店舗マスタ!$I$5:$I$304,MATCH($B35,店舗マスタ!$B$5:$B$304,0))) -> 1662095 | J35: =IF($B35="","",IF(I35=0,"前年実績なし",E35/I35)) -> 1.2965835 | K35: =IF($B35="","",E35-I35) -> 492950
A36: =IF($B36="","","スタジオピッコーネ／ピッコーネクラブ") -> スタジオピッコーネ／ピッコーネクラブ | B36: =IFERROR(INDEX(店舗マスタ!$B$5:$B$304,MATCH("スタジオピッコーネ／ピッコーネクラブ|17",店舗マスタ!$L$5:$L$304,0)),"") -> 32674500 | C36: =IF($B36="","",INDEX(店舗マスタ!$C$5:$C$304,MATCH($B36,店舗マスタ!$B$5:$B$304,0))) -> 仙台三越 | D36: =IF($B36="","",INDEX(店舗マスタ!$D$5:$D$304,MATCH($B36,店舗マスタ!$B$5:$B$304,0))) -> スタジオピッコーネ・ピッコーネクラブ | E36: =IF($B36="","",INDEX(店舗マスタ!$G$5:$G$304,MATCH($B36,店舗マスタ!$B$5:$B$304,0))) -> 1266300 | F36: =IF($B36="","",INDEX(店舗マスタ!$H$5:$H$304,MATCH($B36,店舗マスタ!$B$5:$B$304,0))) -> 1250000 | G36: =IF($B36="","",IF(F36=0,"-",E36/F36)) -> 1.01304 | H36: =IF($B36="","",E36-F36) -> 16300 | I36: =IF($B36="","",INDEX(店舗マスタ!$I$5:$I$304,MATCH($B36,店舗マスタ!$B$5:$B$304,0))) -> 948000 | J36: =IF($B36="","",IF(I36=0,"前年実績なし",E36/I36)) -> 1.3357595 | K36: =IF($B36="","",E36-I36) -> 318300
A37: =IF($B37="","","スタジオピッコーネ／ピッコーネクラブ") -> スタジオピッコーネ／ピッコーネクラブ | B37: =IFERROR(INDEX(店舗マスタ!$B$5:$B$304,MATCH("スタジオピッコーネ／ピッコーネクラブ|18",店舗マスタ!$L$5:$L$304,0)),"") -> 32675600 | C37: =IF($B37="","",INDEX(店舗マスタ!$C$5:$C$304,MATCH($B37,店舗マスタ!$B$5:$B$304,0))) -> ながの東急百貨店 | D37: =IF($B37="","",INDEX(店舗マスタ!$D$5:$D$304,MATCH($B37,店舗マスタ!$B$5:$B$304,0))) -> スタジオピッコーネ・ピッコーネクラブ | E37: =IF($B37="","",INDEX(店舗マスタ!$G$5:$G$304,MATCH($B37,店舗マスタ!$B$5:$B$304,0))) -> 2648700 | F37: =IF($B37="","",INDEX(店舗マスタ!$H$5:$H$304,MATCH($B37,店舗マスタ!$B$5:$B$304,0))) -> 3910000 | G37: =IF($B37="","",IF(F37=0,"-",E37/F37)) -> 0.67741688 | H37: =IF($B37="","",E37-F37) -> -1261300 | I37: =IF($B37="","",INDEX(店舗マスタ!$I$5:$I$304,MATCH($B37,店舗マスタ!$B$5:$B$304,0))) -> 3232800 | J37: =IF($B37="","",IF(I37=0,"前年実績なし",E37/I37)) -> 0.81932071 | K37: =IF($B37="","",E37-I37) -> -584100
A38: =IF($B38="","","スタジオピッコーネ／ピッコーネクラブ") -> スタジオピッコーネ／ピッコーネクラブ | B38: =IFERROR(INDEX(店舗マスタ!$B$5:$B$304,MATCH("スタジオピッコーネ／ピッコーネクラブ|19",店舗マスタ!$L$5:$L$304,0)),"") -> 32675700 | C38: =IF($B38="","",INDEX(店舗マスタ!$C$5:$C$304,MATCH($B38,店舗マスタ!$B$5:$B$304,0))) -> 静岡伊勢丹 | D38: =IF($B38="","",INDEX(店舗マスタ!$D$5:$D$304,MATCH($B38,店舗マスタ!$B$5:$B$304,0))) -> スタジオピッコーネ・ピッコーネクラブ | E38: =IF($B38="","",INDEX(店舗マスタ!$G$5:$G$304,MATCH($B38,店舗マスタ!$B$5:$B$304,0))) -> 1267300 | F38: =IF($B38="","",INDEX(店舗マスタ!$H$5:$H$304,MATCH($B38,店舗マスタ!$B$5:$B$304,0))) -> 1260000 | G38: =IF($B38="","",IF(F38=0,"-",E38/F38)) -> 1.0057937 | H38: =IF($B38="","",E38-F38) -> 7300 | I38: =IF($B38="","",INDEX(店舗マスタ!$I$5:$I$304,MATCH($B38,店舗マスタ!$B$5:$B$304,0))) -> 910300 | J38: =IF($B38="","",IF(I38=0,"前年実績なし",E38/I38)) -> 1.3921784 | K38: =IF($B38="","",E38-I38) -> 357000
A39: =IF($B39="","","スタジオピッコーネ／ピッコーネクラブ") -> スタジオピッコーネ／ピッコーネクラブ | B39: =IFERROR(INDEX(店舗マスタ!$B$5:$B$304,MATCH("スタジオピッコーネ／ピッコーネクラブ|20",店舗マスタ!$L$5:$L$304,0)),"") -> 32675800 | C39: =IF($B39="","",INDEX(店舗マスタ!$C$5:$C$304,MATCH($B39,店舗マスタ!$B$5:$B$304,0))) -> 伊勢丹立川店 | D39: =IF($B39="","",INDEX(店舗マスタ!$D$5:$D$304,MATCH($B39,店舗マスタ!$B$5:$B$304,0))) -> スタジオピッコーネ・ピッコーネクラブ | E39: =IF($B39="","",INDEX(店舗マスタ!$G$5:$G$304,MATCH($B39,店舗マスタ!$B$5:$B$304,0))) -> 1418275 | F39: =IF($B39="","",INDEX(店舗マスタ!$H$5:$H$304,MATCH($B39,店舗マスタ!$B$5:$B$304,0))) -> 2500000 | G39: =IF($B39="","",IF(F39=0,"-",E39/F39)) -> 0.56731 | H39: =IF($B39="","",E39-F39) -> -1081725 | I39: =IF($B39="","",INDEX(店舗マスタ!$I$5:$I$304,MATCH($B39,店舗マスタ!$B$5:$B$304,0))) -> 2424400 | J39: =IF($B39="","",IF(I39=0,"前年実績なし",E39/I39)) -> 0.58500041 | K39: =IF($B39="","",E39-I39) -> -1006125
A40: =IF($B40="","","スタジオピッコーネ／ピッコーネクラブ") -> スタジオピッコーネ／ピッコーネクラブ | B40: =IFERROR(INDEX(店舗マスタ!$B$5:$B$304,MATCH("スタジオピッコーネ／ピッコーネクラブ|21",店舗マスタ!$L$5:$L$304,0)),"") -> 32676200 | C40: =IF($B40="","",INDEX(店舗マスタ!$C$5:$C$304,MATCH($B40,店舗マスタ!$B$5:$B$304,0))) -> 東武宇都宮百貨店 | D40: =IF($B40="","",INDEX(店舗マスタ!$D$5:$D$304,MATCH($B40,店舗マスタ!$B$5:$B$304,0))) -> スタジオピッコーネ・ピッコーネクラブ | E40: =IF($B40="","",INDEX(店舗マスタ!$G$5:$G$304,MATCH($B40,店舗マスタ!$B$5:$B$304,0))) -> 1843700 | F40: =IF($B40="","",INDEX(店舗マスタ!$H$5:$H$304,MATCH($B40,店舗マスタ!$B$5:$B$304,0))) -> 1450000 | G40: =IF($B40="","",IF(F40=0,"-",E40/F40)) -> 1.2715172 | H40: =IF($B40="","",E40-F40) -> 393700 | I40: =IF($B40="","",INDEX(店舗マスタ!$I$5:$I$304,MATCH($B40,店舗マスタ!$B$5:$B$304,0))) -> 1179400 | J40: =IF($B40="","",IF(I40=0,"前年実績なし",E40/I40)) -> 1.5632525 | K40: =IF($B40="","",E40-I40) -> 664300
A41: =IF($B41="","","スタジオピッコーネ／ピッコーネクラブ") -> スタジオピッコーネ／ピッコーネクラブ | B41: =IFERROR(INDEX(店舗マスタ!$B$5:$B$304,MATCH("スタジオピッコーネ／ピッコーネクラブ|22",店舗マスタ!$L$5:$L$304,0)),"") -> 32676300 | C41: =IF($B41="","",INDEX(店舗マスタ!$C$5:$C$304,MATCH($B41,店舗マスタ!$B$5:$B$304,0))) -> 高島屋新宿店 | D41: =IF($B41="","",INDEX(店舗マスタ!$D$5:$D$304,MATCH($B41,店舗マスタ!$B$5:$B$304,0))) -> スタジオピッコーネ・ピッコーネクラブ | E41: =IF($B41="","",INDEX(店舗マスタ!$G$5:$G$304,MATCH($B41,店舗マスタ!$B$5:$B$304,0))) -> 3285560 | F41: =IF($B41="","",INDEX(店舗マスタ!$H$5:$H$304,MATCH($B41,店舗マスタ!$B$5:$B$304,0))) -> 2600000 | G41: =IF($B41="","",IF(F41=0,"-",E41/F41)) -> 1.2636769 | H41: =IF($B41="","",E41-F41) -> 685560 | I41: =IF($B41="","",INDEX(店舗マスタ!$I$5:$I$304,MATCH($B41,店舗マスタ!$B$5:$B$304,0))) -> 2608290 | J41: =IF($B41="","",IF(I41=0,"前年実績なし",E41/I41)) -> 1.2596605 | K41: =IF($B41="","",E41-I41) -> 677270
A42: =IF($B42="","","スタジオピッコーネ／ピッコーネクラブ") -> スタジオピッコーネ／ピッコーネクラブ | B42: =IFERROR(INDEX(店舗マスタ!$B$5:$B$304,MATCH("スタジオピッコーネ／ピッコーネクラブ|23",店舗マスタ!$L$5:$L$304,0)),"") -> 32676700 | C42: =IF($B42="","",INDEX(店舗マスタ!$C$5:$C$304,MATCH($B42,店舗マスタ!$B$5:$B$304,0))) -> 高島屋大宮店 | D42: =IF($B42="","",INDEX(店舗マスタ!$D$5:$D$304,MATCH($B42,店舗マスタ!$B$5:$B$304,0))) -> スタジオピッコーネ・ピッコーネクラブ | E42: =IF($B42="","",INDEX(店舗マスタ!$G$5:$G$304,MATCH($B42,店舗マスタ!$B$5:$B$304,0))) -> 627595 | F42: =IF($B42="","",INDEX(店舗マスタ!$H$5:$H$304,MATCH($B42,店舗マスタ!$B$5:$B$304,0))) -> 1800000 | G42: =IF($B42="","",IF(F42=0,"-",E42/F42)) -> 0.34866389 | H42: =IF($B42="","",E42-F42) -> -1172405 | I42: =IF($B42="","",INDEX(店舗マスタ!$I$5:$I$304,MATCH($B42,店舗マスタ!$B$5:$B$304,0))) -> 0 | J42: =IF($B42="","",IF(I42=0,"前年実績なし",E42/I42)) -> 前年実績なし | K42: =IF($B42="","",E42-I42) -> 627595
A43: =IF($B43="","","スタジオピッコーネ／ピッコーネクラブ") | B43: =IFERROR(INDEX(店舗マスタ!$B$5:$B$304,MATCH("スタジオピッコーネ／ピッコーネクラブ|24",店舗マスタ!$L$5:$L$304,0)),"") | C43: =IF($B43="","",INDEX(店舗マスタ!$C$5:$C$304,MATCH($B43,店舗マスタ!$B$5:$B$304,0))) | D43: =IF($B43="","",INDEX(店舗マスタ!$D$5:$D$304,MATCH($B43,店舗マスタ!$B$5:$B$304,0))) | E43: =IF($B43="","",INDEX(店舗マスタ!$G$5:$G$304,MATCH($B43,店舗マスタ!$B$5:$B$304,0))) | F43: =IF($B43="","",INDEX(店舗マスタ!$H$5:$H$304,MATCH($B43,店舗マスタ!$B$5:$B$304,0))) | G43: =IF($B43="","",IF(F43=0,"-",E43/F43)) | H43: =IF($B43="","",E43-F43) | I43: =IF($B43="","",INDEX(店舗マスタ!$I$5:$I$304,MATCH($B43,店舗マスタ!$B$5:$B$304,0))) | J43: =IF($B43="","",IF(I43=0,"前年実績なし",E43/I43)) | K43: =IF($B43="","",E43-I43)
A44: =IF($B44="","","スタジオピッコーネ／ピッコーネクラブ") | B44: =IFERROR(INDEX(店舗マスタ!$B$5:$B$304,MATCH("スタジオピッコーネ／ピッコーネクラブ|25",店舗マスタ!$L$5:$L$304,0)),"") | C44: =IF($B44="","",INDEX(店舗マスタ!$C$5:$C$304,MATCH($B44,店舗マスタ!$B$5:$B$304,0))) | D44: =IF($B44="","",INDEX(店舗マスタ!$D$5:$D$304,MATCH($B44,店舗マスタ!$B$5:$B$304,0))) | E44: =IF($B44="","",INDEX(店舗マスタ!$G$5:$G$304,MATCH($B44,店舗マスタ!$B$5:$B$304,0))) | F44: =IF($B44="","",INDEX(店舗マスタ!$H$5:$H$304,MATCH($B44,店舗マスタ!$B$5:$B$304,0))) | G44: =IF($B44="","",IF(F44=0,"-",E44/F44)) | H44: =IF($B44="","",E44-F44) | I44: =IF($B44="","",INDEX(店舗マスタ!$I$5:$I$304,MATCH($B44,店舗マスタ!$B$5:$B$304,0))) | J44: =IF($B44="","",IF(I44=0,"前年実績なし",E44/I44)) | K44: =IF($B44="","",E44-I44)
A45: =IF($B45="","","スタジオピッコーネ／ピッコーネクラブ") | B45: =IFERROR(INDEX(店舗マスタ!$B$5:$B$304,MATCH("スタジオピッコーネ／ピッコーネクラブ|26",店舗マスタ!$L$5:$L$304,0)),"") | C45: =IF($B45="","",INDEX(店舗マスタ!$C$5:$C$304,MATCH($B45,店舗マスタ!$B$5:$B$304,0))) | D45: =IF($B45="","",INDEX(店舗マスタ!$D$5:$D$304,MATCH($B45,店舗マスタ!$B$5:$B$304,0))) | E45: =IF($B45="","",INDEX(店舗マスタ!$G$5:$G$304,MATCH($B45,店舗マスタ!$B$5:$B$304,0))) | F45: =IF($B45="","",INDEX(店舗マスタ!$H$5:$H$304,MATCH($B45,店舗マスタ!$B$5:$B$304,0))) | G45: =IF($B45="","",IF(F45=0,"-",E45/F45)) | H45: =IF($B45="","",E45-F45) | I45: =IF($B45="","",INDEX(店舗マスタ!$I$5:$I$304,MATCH($B45,店舗マスタ!$B$5:$B$304,0))) | J45: =IF($B45="","",IF(I45=0,"前年実績なし",E45/I45)) | K45: =IF($B45="","",E45-I45)
A46: ="スタジオピッコーネ／ピッコーネクラブ 小計（"&COUNT(E20:E45)&"店舗）" -> スタジオピッコーネ／ピッコーネクラブ 小計（23店舗） | E46: =SUBTOTAL(9,E20:E45) -> 58463370 | F46: =SUBTOTAL(9,F20:F45) -> 71383000 | G46: =IF(F46=0,"-",E46/F46) -> 0.81900971 | H46: =E46-F46 -> -12919630 | I46: =SUBTOTAL(9,I20:I45) -> 59754000 | J46: =IF(I46=0,"-",E46/I46) -> 0.97840094 | K46: =E46-I46 -> -1290630
A47: =IF($B47="","","ピッコーネ") -> ピッコーネ | B47: =IFERROR(INDEX(店舗マスタ!$B$5:$B$304,MATCH("ピッコーネ|1",店舗マスタ!$L$5:$L$304,0)),"") -> 32580600 | C47: =IF($B47="","",INDEX(店舗マスタ!$C$5:$C$304,MATCH($B47,店舗マスタ!$B$5:$B$304,0))) -> ラポルテ芦屋店 | D47: =IF($B47="","",INDEX(店舗マスタ!$D$5:$D$304,MATCH($B47,店舗マスタ!$B$5:$B$304,0))) -> ピッコーネ | E47: =IF($B47="","",INDEX(店舗マスタ!$G$5:$G$304,MATCH($B47,店舗マスタ!$B$5:$B$304,0))) -> 3138950 | F47: =IF($B47="","",INDEX(店舗マスタ!$H$5:$H$304,MATCH($B47,店舗マスタ!$B$5:$B$304,0))) -> 2500000 | G47: =IF($B47="","",IF(F47=0,"-",E47/F47)) -> 1.25558 | H47: =IF($B47="","",E47-F47) -> 638950 | I47: =IF($B47="","",INDEX(店舗マスタ!$I$5:$I$304,MATCH($B47,店舗マスタ!$B$5:$B$304,0))) -> 2031171 | J47: =IF($B47="","",IF(I47=0,"前年実績なし",E47/I47)) -> 1.5453893 | K47: =IF($B47="","",E47-I47) -> 1107779
A48: =IF($B48="","","ピッコーネ") -> ピッコーネ | B48: =IFERROR(INDEX(店舗マスタ!$B$5:$B$304,MATCH("ピッコーネ|2",店舗マスタ!$L$5:$L$304,0)),"") -> 32580700 | C48: =IF($B48="","",INDEX(店舗マスタ!$C$5:$C$304,MATCH($B48,店舗マスタ!$B$5:$B$304,0))) -> ホテルニューオータニ大阪店 | D48: =IF($B48="","",INDEX(店舗マスタ!$D$5:$D$304,MATCH($B48,店舗マスタ!$B$5:$B$304,0))) -> ピッコーネ | E48: =IF($B48="","",INDEX(店舗マスタ!$G$5:$G$304,MATCH($B48,店舗マスタ!$B$5:$B$304,0))) -> 946100 | F48: =IF($B48="","",INDEX(店舗マスタ!$H$5:$H$304,MATCH($B48,店舗マスタ!$B$5:$B$304,0))) -> 1550000 | G48: =IF($B48="","",IF(F48=0,"-",E48/F48)) -> 0.6103871 | H48: =IF($B48="","",E48-F48) -> -603900 | I48: =IF($B48="","",INDEX(店舗マスタ!$I$5:$I$304,MATCH($B48,店舗マスタ!$B$5:$B$304,0))) -> 1285696 | J48: =IF($B48="","",IF(I48=0,"前年実績なし",E48/I48)) -> 0.73586602 | K48: =IF($B48="","",E48-I48) -> -339596
A49: =IF($B49="","","ピッコーネ") -> ピッコーネ | B49: =IFERROR(INDEX(店舗マスタ!$B$5:$B$304,MATCH("ピッコーネ|3",店舗マスタ!$L$5:$L$304,0)),"") -> 32580900 | C49: =IF($B49="","",INDEX(店舗マスタ!$C$5:$C$304,MATCH($B49,店舗マスタ!$B$5:$B$304,0))) -> 阪急三番街店 | D49: =IF($B49="","",INDEX(店舗マスタ!$D$5:$D$304,MATCH($B49,店舗マスタ!$B$5:$B$304,0))) -> ピッコーネ | E49: =IF($B49="","",INDEX(店舗マスタ!$G$5:$G$304,MATCH($B49,店舗マスタ!$B$5:$B$304,0))) -> 6773261 | F49: =IF($B49="","",INDEX(店舗マスタ!$H$5:$H$304,MATCH($B49,店舗マスタ!$B$5:$B$304,0))) -> 3500000 | G49: =IF($B49="","",IF(F49=0,"-",E49/F49)) -> 1.9352174 | H49: =IF($B49="","",E49-F49) -> 3273261 | I49: =IF($B49="","",INDEX(店舗マスタ!$I$5:$I$304,MATCH($B49,店舗マスタ!$B$5:$B$304,0))) -> 2378787 | J49: =IF($B49="","",IF(I49=0,"前年実績なし",E49/I49)) -> 2.8473592 | K49: =IF($B49="","",E49-I49) -> 4394474
A50: =IF($B50="","","ピッコーネ") -> ピッコーネ | B50: =IFERROR(INDEX(店舗マスタ!$B$5:$B$304,MATCH("ピッコーネ|4",店舗マスタ!$L$5:$L$304,0)),"") -> 32675100 | C50: =IF($B50="","",INDEX(店舗マスタ!$C$5:$C$304,MATCH($B50,店舗マスタ!$B$5:$B$304,0))) -> 東急百貨店たまプラーザ店 | D50: =IF($B50="","",INDEX(店舗マスタ!$D$5:$D$304,MATCH($B50,店舗マスタ!$B$5:$B$304,0))) -> ピッコーネ | E50: =IF($B50="","",INDEX(店舗マスタ!$G$5:$G$304,MATCH($B50,店舗マスタ!$B$5:$B$304,0))) -> 3108900 | F50: =IF($B50="","",INDEX(店舗マスタ!$H$5:$H$304,MATCH($B50,店舗マスタ!$B$5:$B$304,0))) -> 4800000 | G50: =IF($B50="","",IF(F50=0,"-",E50/F50)) -> 0.6476875 | H50: =IF($B50="","",E50-F50) -> -1691100 | I50: =IF($B50="","",INDEX(店舗マスタ!$I$5:$I$304,MATCH($B50,店舗マスタ!$B$5:$B$304,0))) -> 4852400 | J50: =IF($B50="","",IF(I50=0,"前年実績なし",E50/I50)) -> 0.64069327 | K50: =IF($B50="","",E50-I50) -> -1743500
A51: =IF($B51="","","ピッコーネ") -> ピッコーネ | B51: =IFERROR(INDEX(店舗マスタ!$B$5:$B$304,MATCH("ピッコーネ|5",店舗マスタ!$L$5:$L$304,0)),"") -> 32675300 | C51: =IF($B51="","",INDEX(店舗マスタ!$C$5:$C$304,MATCH($B51,店舗マスタ!$B$5:$B$304,0))) -> 東急百貨店吉祥寺店 | D51: =IF($B51="","",INDEX(店舗マスタ!$D$5:$D$304,MATCH($B51,店舗マスタ!$B$5:$B$304,0))) -> ピッコーネ | E51: =IF($B51="","",INDEX(店舗マスタ!$G$5:$G$304,MATCH($B51,店舗マスタ!$B$5:$B$304,0))) -> 2224545 | F51: =IF($B51="","",INDEX(店舗マスタ!$H$5:$H$304,MATCH($B51,店舗マスタ!$B$5:$B$304,0))) -> 3200000 | G51: =IF($B51="","",IF(F51=0,"-",E51/F51)) -> 0.69517031 | H51: =IF($B51="","",E51-F51) -> -975455 | I51: =IF($B51="","",INDEX(店舗マスタ!$I$5:$I$304,MATCH($B51,店舗マスタ!$B$5:$B$304,0))) -> 3080805 | J51: =IF($B51="","",IF(I51=0,"前年実績なし",E51/I51)) -> 0.72206615 | K51: =IF($B51="","",E51-I51) -> -856260
A52: =IF($B52="","","ピッコーネ") | B52: =IFERROR(INDEX(店舗マスタ!$B$5:$B$304,MATCH("ピッコーネ|6",店舗マスタ!$L$5:$L$304,0)),"") | C52: =IF($B52="","",INDEX(店舗マスタ!$C$5:$C$304,MATCH($B52,店舗マスタ!$B$5:$B$304,0))) | D52: =IF($B52="","",INDEX(店舗マスタ!$D$5:$D$304,MATCH($B52,店舗マスタ!$B$5:$B$304,0))) | E52: =IF($B52="","",INDEX(店舗マスタ!$G$5:$G$304,MATCH($B52,店舗マスタ!$B$5:$B$304,0))) | F52: =IF($B52="","",INDEX(店舗マスタ!$H$5:$H$304,MATCH($B52,店舗マスタ!$B$5:$B$304,0))) | G52: =IF($B52="","",IF(F52=0,"-",E52/F52)) | H52: =IF($B52="","",E52-F52) | I52: =IF($B52="","",INDEX(店舗マスタ!$I$5:$I$304,MATCH($B52,店舗マスタ!$B$5:$B$304,0))) | J52: =IF($B52="","",IF(I52=0,"前年実績なし",E52/I52)) | K52: =IF($B52="","",E52-I52)
A53: =IF($B53="","","ピッコーネ") | B53: =IFERROR(INDEX(店舗マスタ!$B$5:$B$304,MATCH("ピッコーネ|7",店舗マスタ!$L$5:$L$304,0)),"") | C53: =IF($B53="","",INDEX(店舗マスタ!$C$5:$C$304,MATCH($B53,店舗マスタ!$B$5:$B$304,0))) | D53: =IF($B53="","",INDEX(店舗マスタ!$D$5:$D$304,MATCH($B53,店舗マスタ!$B$5:$B$304,0))) | E53: =IF($B53="","",INDEX(店舗マスタ!$G$5:$G$304,MATCH($B53,店舗マスタ!$B$5:$B$304,0))) | F53: =IF($B53="","",INDEX(店舗マスタ!$H$5:$H$304,MATCH($B53,店舗マスタ!$B$5:$B$304,0))) | G53: =IF($B53="","",IF(F53=0,"-",E53/F53)) | H53: =IF($B53="","",E53-F53) | I53: =IF($B53="","",INDEX(店舗マスタ!$I$5:$I$304,MATCH($B53,店舗マスタ!$B$5:$B$304,0))) | J53: =IF($B53="","",IF(I53=0,"前年実績なし",E53/I53)) | K53: =IF($B53="","",E53-I53)
A54: =IF($B54="","","ピッコーネ") | B54: =IFERROR(INDEX(店舗マスタ!$B$5:$B$304,MATCH("ピッコーネ|8",店舗マスタ!$L$5:$L$304,0)),"") | C54: =IF($B54="","",INDEX(店舗マスタ!$C$5:$C$304,MATCH($B54,店舗マスタ!$B$5:$B$304,0))) | D54: =IF($B54="","",INDEX(店舗マスタ!$D$5:$D$304,MATCH($B54,店舗マスタ!$B$5:$B$304,0))) | E54: =IF($B54="","",INDEX(店舗マスタ!$G$5:$G$304,MATCH($B54,店舗マスタ!$B$5:$B$304,0))) | F54: =IF($B54="","",INDEX(店舗マスタ!$H$5:$H$304,MATCH($B54,店舗マスタ!$B$5:$B$304,0))) | G54: =IF($B54="","",IF(F54=0,"-",E54/F54)) | H54: =IF($B54="","",E54-F54) | I54: =IF($B54="","",INDEX(店舗マスタ!$I$5:$I$304,MATCH($B54,店舗マスタ!$B$5:$B$304,0))) | J54: =IF($B54="","",IF(I54=0,"前年実績なし",E54/I54)) | K54: =IF($B54="","",E54-I54)
A55: ="ピッコーネ 小計（"&COUNT(E47:E54)&"店舗）" -> ピッコーネ 小計（5店舗） | E55: =SUBTOTAL(9,E47:E54) -> 16191756 | F55: =SUBTOTAL(9,F47:F54) -> 15550000 | G55: =IF(F55=0,"-",E55/F55) -> 1.0412705 | H55: =E55-F55 -> 641756 | I55: =SUBTOTAL(9,I47:I54) -> 13628859 | J55: =IF(I55=0,"-",E55/I55) -> 1.1880493 | K55: =E55-I55 -> 2562897
A56: =IF($B56="","","複合（アルチビオ＋ピッコーネ系）") -> 複合（アルチビオ＋ピッコーネ系） | B56: =IFERROR(INDEX(店舗マスタ!$B$5:$B$304,MATCH("複合（アルチビオ＋ピッコーネ系）|1",店舗マスタ!$L$5:$L$304,0)),"") -> 32570700 | C56: =IF($B56="","",INDEX(店舗マスタ!$C$5:$C$304,MATCH($B56,店舗マスタ!$B$5:$B$304,0))) -> 西宮阪急店 | D56: =IF($B56="","",INDEX(店舗マスタ!$D$5:$D$304,MATCH($B56,店舗マスタ!$B$5:$B$304,0))) -> ピッコーネクラブ・アルチビオ | E56: =IF($B56="","",INDEX(店舗マスタ!$G$5:$G$304,MATCH($B56,店舗マスタ!$B$5:$B$304,0))) -> 3113117 | F56: =IF($B56="","",INDEX(店舗マスタ!$H$5:$H$304,MATCH($B56,店舗マスタ!$B$5:$B$304,0))) -> 2820000 | G56: =IF($B56="","",IF(F56=0,"-",E56/F56)) -> 1.1039422 | H56: =IF($B56="","",E56-F56) -> 293117 | I56: =IF($B56="","",INDEX(店舗マスタ!$I$5:$I$304,MATCH($B56,店舗マスタ!$B$5:$B$304,0))) -> 1836100 | J56: =IF($B56="","",IF(I56=0,"前年実績なし",E56/I56)) -> 1.6955051 | K56: =IF($B56="","",E56-I56) -> 1277017
A57: =IF($B57="","","複合（アルチビオ＋ピッコーネ系）") -> 複合（アルチビオ＋ピッコーネ系） | B57: =IFERROR(INDEX(店舗マスタ!$B$5:$B$304,MATCH("複合（アルチビオ＋ピッコーネ系）|2",店舗マスタ!$L$5:$L$304,0)),"") -> 32570800 | C57: =IF($B57="","",INDEX(店舗マスタ!$C$5:$C$304,MATCH($B57,店舗マスタ!$B$5:$B$304,0))) -> 高島屋京都店 | D57: =IF($B57="","",INDEX(店舗マスタ!$D$5:$D$304,MATCH($B57,店舗マスタ!$B$5:$B$304,0))) -> アルチビオ・ピッコーネクラブ | E57: =IF($B57="","",INDEX(店舗マスタ!$G$5:$G$304,MATCH($B57,店舗マスタ!$B$5:$B$304,0))) -> 2791782 | F57: =IF($B57="","",INDEX(店舗マスタ!$H$5:$H$304,MATCH($B57,店舗マスタ!$B$5:$B$304,0))) -> 2782000 | G57: =IF($B57="","",IF(F57=0,"-",E57/F57)) -> 1.0035162 | H57: =IF($B57="","",E57-F57) -> 9782 | I57: =IF($B57="","",INDEX(店舗マスタ!$I$5:$I$304,MATCH($B57,店舗マスタ!$B$5:$B$304,0))) -> 2122155 | J57: =IF($B57="","",IF(I57=0,"前年実績なし",E57/I57)) -> 1.315541 | K57: =IF($B57="","",E57-I57) -> 669627
A58: =IF($B58="","","複合（アルチビオ＋ピッコーネ系）") -> 複合（アルチビオ＋ピッコーネ系） | B58: =IFERROR(INDEX(店舗マスタ!$B$5:$B$304,MATCH("複合（アルチビオ＋ピッコーネ系）|3",店舗マスタ!$L$5:$L$304,0)),"") -> 32572200 | C58: =IF($B58="","",INDEX(店舗マスタ!$C$5:$C$304,MATCH($B58,店舗マスタ!$B$5:$B$304,0))) -> 松坂屋名古屋店 | D58: =IF($B58="","",INDEX(店舗マスタ!$D$5:$D$304,MATCH($B58,店舗マスタ!$B$5:$B$304,0))) -> アルチビオ・ピッコーネクラブ | E58: =IF($B58="","",INDEX(店舗マスタ!$G$5:$G$304,MATCH($B58,店舗マスタ!$B$5:$B$304,0))) -> 3842428 | F58: =IF($B58="","",INDEX(店舗マスタ!$H$5:$H$304,MATCH($B58,店舗マスタ!$B$5:$B$304,0))) -> 6627000 | G58: =IF($B58="","",IF(F58=0,"-",E58/F58)) -> 0.57981409 | H58: =IF($B58="","",E58-F58) -> -2784572 | I58: =IF($B58="","",INDEX(店舗マスタ!$I$5:$I$304,MATCH($B58,店舗マスタ!$B$5:$B$304,0))) -> 6146895 | J58: =IF($B58="","",IF(I58=0,"前年実績なし",E58/I58)) -> 0.62510064 | K58: =IF($B58="","",E58-I58) -> -2304467
A59: =IF($B59="","","複合（アルチビオ＋ピッコーネ系）") -> 複合（アルチビオ＋ピッコーネ系） | B59: =IFERROR(INDEX(店舗マスタ!$B$5:$B$304,MATCH("複合（アルチビオ＋ピッコーネ系）|4",店舗マスタ!$L$5:$L$304,0)),"") -> 32573300 | C59: =IF($B59="","",INDEX(店舗マスタ!$C$5:$C$304,MATCH($B59,店舗マスタ!$B$5:$B$304,0))) -> あべのハルカス近鉄本店 | D59: =IF($B59="","",INDEX(店舗マスタ!$D$5:$D$304,MATCH($B59,店舗マスタ!$B$5:$B$304,0))) -> アルチビオ・ピッコ | E59: =IF($B59="","",INDEX(店舗マスタ!$G$5:$G$304,MATCH($B59,店舗マスタ!$B$5:$B$304,0))) -> 1647880 | F59: =IF($B59="","",INDEX(店舗マスタ!$H$5:$H$304,MATCH($B59,店舗マスタ!$B$5:$B$304,0))) -> 2207000 | G59: =IF($B59="","",IF(F59=0,"-",E59/F59)) -> 0.74666063 | H59: =IF($B59="","",E59-F59) -> -559120 | I59: =IF($B59="","",INDEX(店舗マスタ!$I$5:$I$304,MATCH($B59,店舗マスタ!$B$5:$B$304,0))) -> 1610900 | J59: =IF($B59="","",IF(I59=0,"前年実績なし",E59/I59)) -> 1.0229561 | K59: =IF($B59="","",E59-I59) -> 36980
A60: =IF($B60="","","複合（アルチビオ＋ピッコーネ系）") -> 複合（アルチビオ＋ピッコーネ系） | B60: =IFERROR(INDEX(店舗マスタ!$B$5:$B$304,MATCH("複合（アルチビオ＋ピッコーネ系）|5",店舗マスタ!$L$5:$L$304,0)),"") -> 32671500 | C60: =IF($B60="","",INDEX(店舗マスタ!$C$5:$C$304,MATCH($B60,店舗マスタ!$B$5:$B$304,0))) -> 札幌三越 | D60: =IF($B60="","",INDEX(店舗マスタ!$D$5:$D$304,MATCH($B60,店舗マスタ!$B$5:$B$304,0))) -> ピッコーネ・アルチビオ | E60: =IF($B60="","",INDEX(店舗マスタ!$G$5:$G$304,MATCH($B60,店舗マスタ!$B$5:$B$304,0))) -> 2572970 | F60: =IF($B60="","",INDEX(店舗マスタ!$H$5:$H$304,MATCH($B60,店舗マスタ!$B$5:$B$304,0))) -> 3404000 | G60: =IF($B60="","",IF(F60=0,"-",E60/F60)) -> 0.75586663 | H60: =IF($B60="","",E60-F60) -> -831030 | I60: =IF($B60="","",INDEX(店舗マスタ!$I$5:$I$304,MATCH($B60,店舗マスタ!$B$5:$B$304,0))) -> 3225660 | J60: =IF($B60="","",IF(I60=0,"前年実績なし",E60/I60)) -> 0.79765691 | K60: =IF($B60="","",E60-I60) -> -652690
A61: =IF($B61="","","複合（アルチビオ＋ピッコーネ系）") | B61: =IFERROR(INDEX(店舗マスタ!$B$5:$B$304,MATCH("複合（アルチビオ＋ピッコーネ系）|6",店舗マスタ!$L$5:$L$304,0)),"") | C61: =IF($B61="","",INDEX(店舗マスタ!$C$5:$C$304,MATCH($B61,店舗マスタ!$B$5:$B$304,0))) | D61: =IF($B61="","",INDEX(店舗マスタ!$D$5:$D$304,MATCH($B61,店舗マスタ!$B$5:$B$304,0))) | E61: =IF($B61="","",INDEX(店舗マスタ!$G$5:$G$304,MATCH($B61,店舗マスタ!$B$5:$B$304,0))) | F61: =IF($B61="","",INDEX(店舗マスタ!$H$5:$H$304,MATCH($B61,店舗マスタ!$B$5:$B$304,0))) | G61: =IF($B61="","",IF(F61=0,"-",E61/F61)) | H61: =IF($B61="","",E61-F61) | I61: =IF($B61="","",INDEX(店舗マスタ!$I$5:$I$304,MATCH($B61,店舗マスタ!$B$5:$B$304,0))) | J61: =IF($B61="","",IF(I61=0,"前年実績なし",E61/I61)) | K61: =IF($B61="","",E61-I61)
A62: =IF($B62="","","複合（アルチビオ＋ピッコーネ系）") | B62: =IFERROR(INDEX(店舗マスタ!$B$5:$B$304,MATCH("複合（アルチビオ＋ピッコーネ系）|7",店舗マスタ!$L$5:$L$304,0)),"") | C62: =IF($B62="","",INDEX(店舗マスタ!$C$5:$C$304,MATCH($B62,店舗マスタ!$B$5:$B$304,0))) | D62: =IF($B62="","",INDEX(店舗マスタ!$D$5:$D$304,MATCH($B62,店舗マスタ!$B$5:$B$304,0))) | E62: =IF($B62="","",INDEX(店舗マスタ!$G$5:$G$304,MATCH($B62,店舗マスタ!$B$5:$B$304,0))) | F62: =IF($B62="","",INDEX(店舗マスタ!$H$5:$H$304,MATCH($B62,店舗マスタ!$B$5:$B$304,0))) | G62: =IF($B62="","",IF(F62=0,"-",E62/F62)) | H62: =IF($B62="","",E62-F62) | I62: =IF($B62="","",INDEX(店舗マスタ!$I$5:$I$304,MATCH($B62,店舗マスタ!$B$5:$B$304,0))) | J62: =IF($B62="","",IF(I62=0,"前年実績なし",E62/I62)) | K62: =IF($B62="","",E62-I62)
A63: =IF($B63="","","複合（アルチビオ＋ピッコーネ系）") | B63: =IFERROR(INDEX(店舗マスタ!$B$5:$B$304,MATCH("複合（アルチビオ＋ピッコーネ系）|8",店舗マスタ!$L$5:$L$304,0)),"") | C63: =IF($B63="","",INDEX(店舗マスタ!$C$5:$C$304,MATCH($B63,店舗マスタ!$B$5:$B$304,0))) | D63: =IF($B63="","",INDEX(店舗マスタ!$D$5:$D$304,MATCH($B63,店舗マスタ!$B$5:$B$304,0))) | E63: =IF($B63="","",INDEX(店舗マスタ!$G$5:$G$304,MATCH($B63,店舗マスタ!$B$5:$B$304,0))) | F63: =IF($B63="","",INDEX(店舗マスタ!$H$5:$H$304,MATCH($B63,店舗マスタ!$B$5:$B$304,0))) | G63: =IF($B63="","",IF(F63=0,"-",E63/F63)) | H63: =IF($B63="","",E63-F63) | I63: =IF($B63="","",INDEX(店舗マスタ!$I$5:$I$304,MATCH($B63,店舗マスタ!$B$5:$B$304,0))) | J63: =IF($B63="","",IF(I63=0,"前年実績なし",E63/I63)) | K63: =IF($B63="","",E63-I63)
A64: ="複合（アルチビオ＋ピッコーネ系） 小計（"&COUNT(E56:E63)&"店舗）" -> 複合（アルチビオ＋ピッコーネ系） 小計（5店舗） | E64: =SUBTOTAL(9,E56:E63) -> 13968177 | F64: =SUBTOTAL(9,F56:F63) -> 17840000 | G64: =IF(F64=0,"-",E64/F64) -> 0.78296956 | H64: =E64-F64 -> -3871823 | I64: =SUBTOTAL(9,I56:I63) -> 14941710 | J64: =IF(I64=0,"-",E64/I64) -> 0.93484461 | K64: =E64-I64 -> -973533
A65: ="総合計（"&COUNT(E5:E64)-4&"店舗）" -> 総合計（44店舗） | E65: =SUBTOTAL(9,E5:E64) -> 110138004 | F65: =SUBTOTAL(9,F5:F64) -> 131627000 | G65: =IF(F65=0,"-",E65/F65) -> 0.83674325 | H65: =E65-F65 -> -21488996 | I65: =SUBTOTAL(9,I5:I64) -> 112449780 | J65: =IF(I65=0,"-",E65/I65) -> 0.9794417 | K65: =E65-I65 -> -2311776

Sheet 施設別
A1: =取込チェック!$H$3 -> POS売上 予算・前年対比（2026年9月度／前年同月 2025年9月）
A2: 同じ施設の複数ブランドを1行にまとめた集計（PB合計）。施設内で最も小さい店舗コードの順に並びます。
A4: 施設・店舗名 | B4: アルチビオ | C4: スタジオピッコーネ／ピッコーネクラブ | D4: ピッコーネ | E4: 複合 （アルチビオ＋ピッコーネ系） | F4: 売上合計 | G4: 予算合計 | H4: 予算達成率 | I4: 前年売上合計 | J4: 前年対比 | K4: うちP売上 | L4: うちB売上 | M4: B比率
A5: =IFERROR(INDEX(店舗マスタ!$C$5:$C$304,MATCH(1,店舗マスタ!$O$5:$O$304,0)),"") -> 高島屋大阪店 | B5: =IF($A5="","",SUMIFS(店舗マスタ!$G$5:$G$304,店舗マスタ!$C$5:$C$304,$A5,店舗マスタ!$E$5:$E$304,"アルチビオ")) -> 2048565 | C5: =IF($A5="","",SUMIFS(店舗マスタ!$G$5:$G$304,店舗マスタ!$C$5:$C$304,$A5,店舗マスタ!$E$5:$E$304,"スタジオピッコーネ／ピッコーネクラブ")) -> 3137700 | D5: =IF($A5="","",SUMIFS(店舗マスタ!$G$5:$G$304,店舗マスタ!$C$5:$C$304,$A5,店舗マスタ!$E$5:$E$304,"ピッコーネ")) -> 0 | E5: =IF($A5="","",SUMIFS(店舗マスタ!$G$5:$G$304,店舗マスタ!$C$5:$C$304,$A5,店舗マスタ!$E$5:$E$304,"複合（アルチビオ＋ピッコーネ系）")) -> 0 | F5: =IF($A5="","",SUM(B5:E5)) -> 5186265 | G5: =IF($A5="","",SUMIFS(店舗マスタ!$H$5:$H$304,店舗マスタ!$C$5:$C$304,$A5)) -> 6470000 | H5: =IF($A5="","",IF(G5=0,"-",F5/G5)) -> 0.80158655 | I5: =IF($A5="","",SUMIFS(店舗マスタ!$I$5:$I$304,店舗マスタ!$C$5:$C$304,$A5)) -> 6273090 | J5: =IF($A5="","",IF(I5=0,"前年実績なし",F5/I5)) -> 0.82674806 | K5: =IF(OR($A5="",取込チェック!$K$3=0),"",SUMIFS(店舗マスタ!$P$5:$P$304,店舗マスタ!$C$5:$C$304,$A5)) -> 5097535 | L5: =IF(K5="","",F5-K5) -> 88730 | M5: =IF(L5="","",IF(F5=0,"-",L5/F5)) -> 0.017108651
A6: =IFERROR(INDEX(店舗マスタ!$C$5:$C$304,MATCH(2,店舗マスタ!$O$5:$O$304,0)),"") -> 西宮阪急店 | B6: =IF($A6="","",SUMIFS(店舗マスタ!$G$5:$G$304,店舗マスタ!$C$5:$C$304,$A6,店舗マスタ!$E$5:$E$304,"アルチビオ")) -> 0 | C6: =IF($A6="","",SUMIFS(店舗マスタ!$G$5:$G$304,店舗マスタ!$C$5:$C$304,$A6,店舗マスタ!$E$5:$E$304,"スタジオピッコーネ／ピッコーネクラブ")) -> 0 | D6: =IF($A6="","",SUMIFS(店舗マスタ!$G$5:$G$304,店舗マスタ!$C$5:$C$304,$A6,店舗マスタ!$E$5:$E$304,"ピッコーネ")) -> 0 | E6: =IF($A6="","",SUMIFS(店舗マスタ!$G$5:$G$304,店舗マスタ!$C$5:$C$304,$A6,店舗マスタ!$E$5:$E$304,"複合（アルチビオ＋ピッコーネ系）")) -> 3113117 | F6: =IF($A6="","",SUM(B6:E6)) -> 3113117 | G6: =IF($A6="","",SUMIFS(店舗マスタ!$H$5:$H$304,店舗マスタ!$C$5:$C$304,$A6)) -> 2820000 | H6: =IF($A6="","",IF(G6=0,"-",F6/G6)) -> 1.1039422 | I6: =IF($A6="","",SUMIFS(店舗マスタ!$I$5:$I$304,店舗マスタ!$C$5:$C$304,$A6)) -> 1836100 | J6: =IF($A6="","",IF(I6=0,"前年実績なし",F6/I6)) -> 1.6955051 | K6: =IF(OR($A6="",取込チェック!$K$3=0),"",SUMIFS(店舗マスタ!$P$5:$P$304,店舗マスタ!$C$5:$C$304,$A6)) -> 2262257 | L6: =IF(K6="","",F6-K6) -> 850860 | M6: =IF(L6="","",IF(F6=0,"-",L6/F6)) -> 0.27331449
A7: =IFERROR(INDEX(店舗マスタ!$C$5:$C$304,MATCH(3,店舗マスタ!$O$5:$O$304,0)),"") -> 高島屋京都店 | B7: =IF($A7="","",SUMIFS(店舗マスタ!$G$5:$G$304,店舗マスタ!$C$5:$C$304,$A7,店舗マスタ!$E$5:$E$304,"アルチビオ")) -> 0 | C7: =IF($A7="","",SUMIFS(店舗マスタ!$G$5:$G$304,店舗マスタ!$C$5:$C$304,$A7,店舗マスタ!$E$5:$E$304,"スタジオピッコーネ／ピッコーネクラブ")) -> 0 | D7: =IF($A7="","",SUMIFS(店舗マスタ!$G$5:$G$304,店舗マスタ!$C$5:$C$304,$A7,店舗マスタ!$E$5:$E$304,"ピッコーネ")) -> 0 | E7: =IF($A7="","",SUMIFS(店舗マスタ!$G$5:$G$304,店舗マスタ!$C$5:$C$304,$A7,店舗マスタ!$E$5:$E$304,"複合（アルチビオ＋ピッコーネ系）")) -> 2791782 | F7: =IF($A7="","",SUM(B7:E7)) -> 2791782 | G7: =IF($A7="","",SUMIFS(店舗マスタ!$H$5:$H$304,店舗マスタ!$C$5:$C$304,$A7)) -> 2782000 | H7: =IF($A7="","",IF(G7=0,"-",F7/G7)) -> 1.0035162 | I7: =IF($A7="","",SUMIFS(店舗マスタ!$I$5:$I$304,店舗マスタ!$C$5:$C$304,$A7)) -> 2122155 | J7: =IF($A7="","",IF(I7=0,"前年実績なし",F7/I7)) -> 1.315541 | K7: =IF(OR($A7="",取込チェック!$K$3=0),"",SUMIFS(店舗マスタ!$P$5:$P$304,店舗マスタ!$C$5:$C$304,$A7)) -> 1985522 | L7: =IF(K7="","",F7-K7) -> 806260 | M7: =IF(L7="","",IF(F7=0,"-",L7/F7)) -> 0.28879762
A8: =IFERROR(INDEX(店舗マスタ!$C$5:$C$304,MATCH(4,店舗マスタ!$O$5:$O$304,0)),"") -> ジェイアール名古屋タカシマヤ店 | B8: =IF($A8="","",SUMIFS(店舗マスタ!$G$5:$G$304,店舗マスタ!$C$5:$C$304,$A8,店舗マスタ!$E$5:$E$304,"アルチビオ")) -> 3250690 | C8: =IF($A8="","",SUMIFS(店舗マスタ!$G$5:$G$304,店舗マスタ!$C$5:$C$304,$A8,店舗マスタ!$E$5:$E$304,"スタジオピッコーネ／ピッコーネクラブ")) -> 0 | D8: =IF($A8="","",SUMIFS(店舗マスタ!$G$5:$G$304,店舗マスタ!$C$5:$C$304,$A8,店舗マスタ!$E$5:$E$304,"ピッコーネ")) -> 0 | E8: =IF($A8="","",SUMIFS(店舗マスタ!$G$5:$G$304,店舗マスタ!$C$5:$C$304,$A8,店舗マスタ!$E$5:$E$304,"複合（アルチビオ＋ピッコーネ系）")) -> 0 | F8: =IF($A8="","",SUM(B8:E8)) -> 3250690 | G8: =IF($A8="","",SUMIFS(店舗マスタ!$H$5:$H$304,店舗マスタ!$C$5:$C$304,$A8)) -> 3681000 | H8: =IF($A8="","",IF(G8=0,"-",F8/G8)) -> 0.8830997 | I8: =IF($A8="","",SUMIFS(店舗マスタ!$I$5:$I$304,店舗マスタ!$C$5:$C$304,$A8)) -> 3216380 | J8: =IF($A8="","",IF(I8=0,"前年実績なし",F8/I8)) -> 1.0106673 | K8: =IF(OR($A8="",取込チェック!$K$3=0),"",SUMIFS(店舗マスタ!$P$5:$P$304,店舗マスタ!$C$5:$C$304,$A8)) -> 2783500 | L8: =IF(K8="","",F8-K8) -> 467190 | M8: =IF(L8="","",IF(F8=0,"-",L8/F8)) -> 0.14372026
A9: =IFERROR(INDEX(店舗マスタ!$C$5:$C$304,MATCH(5,店舗マスタ!$O$5:$O$304,0)),"") -> 松坂屋名古屋店 | B9: =IF($A9="","",SUMIFS(店舗マスタ!$G$5:$G$304,店舗マスタ!$C$5:$C$304,$A9,店舗マスタ!$E$5:$E$304,"アルチビオ")) -> 0 | C9: =IF($A9="","",SUMIFS(店舗マスタ!$G$5:$G$304,店舗マスタ!$C$5:$C$304,$A9,店舗マスタ!$E$5:$E$304,"スタジオピッコーネ／ピッコーネクラブ")) -> 0 | D9: =IF($A9="","",SUMIFS(店舗マスタ!$G$5:$G$304,店舗マスタ!$C$5:$C$304,$A9,店舗マスタ!$E$5:$E$304,"ピッコーネ")) -> 0 | E9: =IF($A9="","",SUMIFS(店舗マスタ!$G$5:$G$304,店舗マスタ!$C$5:$C$304,$A9,店舗マスタ!$E$5:$E$304,"複合（アルチビオ＋ピッコーネ系）")) -> 3842428 | F9: =IF($A9="","",SUM(B9:E9)) -> 3842428 | G9: =IF($A9="","",SUMIFS(店舗マスタ!$H$5:$H$304,店舗マスタ!$C$5:$C$304,$A9)) -> 6627000 | H9: =IF($A9="","",IF(G9=0,"-",F9/G9)) -> 0.57981409 | I9: =IF($A9="","",SUMIFS(店舗マスタ!$I$5:$I$304,店舗マスタ!$C$5:$C$304,$A9)) -> 6146895 | J9: =IF($A9="","",IF(I9=0,"前年実績なし",F9/I9)) -> 0.62510064 | K9: =IF(OR($A9="",取込チェック!$K$3=0),"",SUMIFS(店舗マスタ!$P$5:$P$304,店舗マスタ!$C$5:$C$304,$A9)) -> 2779498 | L9: =IF(K9="","",F9-K9) -> 1062930 | M9: =IF(L9="","",IF(F9=0,"-",L9/F9)) -> 0.27662978
A10: =IFERROR(INDEX(店舗マスタ!$C$5:$C$304,MATCH(6,店舗マスタ!$O$5:$O$304,0)),"") -> 大丸福岡天神店 | B10: =IF($A10="","",SUMIFS(店舗マスタ!$G$5:$G$304,店舗マスタ!$C$5:$C$304,$A10,店舗マスタ!$E$5:$E$304,"アルチビオ")) -> 0 | C10: =IF($A10="","",SUMIFS(店舗マスタ!$G$5:$G$304,店舗マスタ!$C$5:$C$304,$A10,店舗マスタ!$E$5:$E$304,"スタジオピッコーネ／ピッコーネクラブ")) -> 2083600 | D10: =IF($A10="","",SUMIFS(店舗マスタ!$G$5:$G$304,店舗マスタ!$C$5:$C$304,$A10,店舗マスタ!$E$5:$E$304,"ピッコーネ")) -> 0 | E10: =IF($A10="","",SUMIFS(店舗マスタ!$G$5:$G$304,店舗マスタ!$C$5:$C$304,$A10,店舗マスタ!$E$5:$E$304,"複合（アルチビオ＋ピッコーネ系）")) -> 0 | F10: =IF($A10="","",SUM(B10:E10)) -> 2083600 | G10: =IF($A10="","",SUMIFS(店舗マスタ!$H$5:$H$304,店舗マスタ!$C$5:$C$304,$A10)) -> 2100000 | H10: =IF($A10="","",IF(G10=0,"-",F10/G10)) -> 0.99219048 | I10: =IF($A10="","",SUMIFS(店舗マスタ!$I$5:$I$304,店舗マスタ!$C$5:$C$304,$A10)) -> 1633800 | J10: =IF($A10="","",IF(I10=0,"前年実績なし",F10/I10)) -> 1.2753091 | K10: =IF(OR($A10="",取込チェック!$K$3=0),"",SUMIFS(店舗マスタ!$P$5:$P$304,店舗マスタ!$C$5:$C$304,$A10)) -> 1681900 | L10: =IF(K10="","",F10-K10) -> 401700 | M10: =IF(L10="","",IF(F10=0,"-",L10/F10)) -> 0.19279132
A11: =IFERROR(INDEX(店舗マスタ!$C$5:$C$304,MATCH(7,店舗マスタ!$O$5:$O$304,0)),"") -> あべのハルカス近鉄本店 | B11: =IF($A11="","",SUMIFS(店舗マスタ!$G$5:$G$304,店舗マスタ!$C$5:$C$304,$A11,店舗マスタ!$E$5:$E$304,"アルチビオ")) -> 0 | C11: =IF($A11="","",SUMIFS(店舗マスタ!$G$5:$G$304,店舗マスタ!$C$5:$C$304,$A11,店舗マスタ!$E$5:$E$304,"スタジオピッコーネ／ピッコーネクラブ")) -> 3507580 | D11: =IF($A11="","",SUMIFS(店舗マスタ!$G$5:$G$304,店舗マスタ!$C$5:$C$304,$A11,店舗マスタ!$E$5:$E$304,"ピッコーネ")) -> 0 | E11: =IF($A11="","",SUMIFS(店舗マスタ!$G$5:$G$304,店舗マスタ!$C$5:$C$304,$A11,店舗マスタ!$E$5:$E$304,"複合（アルチビオ＋ピッコーネ系）")) -> 1647880 | F11: =IF($A11="","",SUM(B11:E11)) -> 5155460 | G11: =IF($A11="","",SUMIFS(店舗マスタ!$H$5:$H$304,店舗マスタ!$C$5:$C$304,$A11)) -> 6327000 | H11: =IF($A11="","",IF(G11=0,"-",F11/G11)) -> 0.81483483 | I11: =IF($A11="","",SUMIFS(店舗マスタ!$I$5:$I$304,店舗マスタ!$C$5:$C$304,$A11)) -> 5613995 | J11: =IF($A11="","",IF(I11=0,"前年実績なし",F11/I11)) -> 0.91832287 | K11: =IF(OR($A11="",取込チェック!$K$3=0),"",SUMIFS(店舗マスタ!$P$5:$P$304,店舗マスタ!$C$5:$C$304,$A11)) -> 4667120 | L11: =IF(K11="","",F11-K11) -> 488340 | M11: =IF(L11="","",IF(F11=0,"-",L11/F11)) -> 0.094722876
A12: =IFERROR(INDEX(店舗マスタ!$C$5:$C$304,MATCH(8,店舗マスタ!$O$5:$O$304,0)),"") -> 近鉄百貨店和歌山店 | B12: =IF($A12="","",SUMIFS(店舗マスタ!$G$5:$G$304,店舗マスタ!$C$5:$C$304,$A12,店舗マスタ!$E$5:$E$304,"アルチビオ")) -> 0 | C12: =IF($A12="","",SUMIFS(店舗マスタ!$G$5:$G$304,店舗マスタ!$C$5:$C$304,$A12,店舗マスタ!$E$5:$E$304,"スタジオピッコーネ／ピッコーネクラブ")) -> 1872645 | D12: =IF($A12="","",SUMIFS(店舗マスタ!$G$5:$G$304,店舗マスタ!$C$5:$C$304,$A12,店舗マスタ!$E$5:$E$304,"ピッコーネ")) -> 0 | E12: =IF($A12="","",SUMIFS(店舗マスタ!$G$5:$G$304,店舗マスタ!$C$5:$C$304,$A12,店舗マスタ!$E$5:$E$304,"複合（アルチビオ＋ピッコーネ系）")) -> 0 | F12: =IF($A12="","",SUM(B12:E12)) -> 1872645 | G12: =IF($A12="","",SUMIFS(店舗マスタ!$H$5:$H$304,店舗マスタ!$C$5:$C$304,$A12)) -> 2300000 | H12: =IF($A12="","",IF(G12=0,"-",F12/G12)) -> 0.81419348 | I12: =IF($A12="","",SUMIFS(店舗マスタ!$I$5:$I$304,店舗マスタ!$C$5:$C$304,$A12)) -> 2355195 | J12: =IF($A12="","",IF(I12=0,"前年実績なし",F12/I12)) -> 0.79511251 | K12: =IF(OR($A12="",取込チェック!$K$3=0),"",SUMIFS(店舗マスタ!$P$5:$P$304,店舗マスタ!$C$5:$C$304,$A12)) -> 1742245 | L12: =IF(K12="","",F12-K12) -> 130400 | M12: =IF(L12="","",IF(F12=0,"-",L12/F12)) -> 0.069634127
A13: =IFERROR(INDEX(店舗マスタ!$C$5:$C$304,MATCH(9,店舗マスタ!$O$5:$O$304,0)),"") -> 近鉄百貨店上本町店 | B13: =IF($A13="","",SUMIFS(店舗マスタ!$G$5:$G$304,店舗マスタ!$C$5:$C$304,$A13,店舗マスタ!$E$5:$E$304,"アルチビオ")) -> 0 | C13: =IF($A13="","",SUMIFS(店舗マスタ!$G$5:$G$304,店舗マスタ!$C$5:$C$304,$A13,店舗マスタ!$E$5:$E$304,"スタジオピッコーネ／ピッコーネクラブ")) -> 2637800 | D13: =IF($A13="","",SUMIFS(店舗マスタ!$G$5:$G$304,店舗マスタ!$C$5:$C$304,$A13,店舗マスタ!$E$5:$E$304,"ピッコーネ")) -> 0 | E13: =IF($A13="","",SUMIFS(店舗マスタ!$G$5:$G$304,店舗マスタ!$C$5:$C$304,$A13,店舗マスタ!$E$5:$E$304,"複合（アルチビオ＋ピッコーネ系）")) -> 0 | F13: =IF($A13="","",SUM(B13:E13)) -> 2637800 | G13: =IF($A13="","",SUMIFS(店舗マスタ!$H$5:$H$304,店舗マスタ!$C$5:$C$304,$A13)) -> 1950000 | H13: =IF($A13="","",IF(G13=0,"-",F13/G13)) -> 1.3527179 | I13: =IF($A13="","",SUMIFS(店舗マスタ!$I$5:$I$304,店舗マスタ!$C$5:$C$304,$A13)) -> 1931500 | J13: =IF($A13="","",IF(I13=0,"前年実績なし",F13/I13)) -> 1.3656743 | K13: =IF(OR($A13="",取込チェック!$K$3=0),"",SUMIFS(店舗マスタ!$P$5:$P$304,店舗マスタ!$C$5:$C$304,$A13)) -> 2566400 | L13: =IF(K13="","",F13-K13) -> 71400 | M13: =IF(L13="","",IF(F13=0,"-",L13/F13)) -> 0.027068011
A14: =IFERROR(INDEX(店舗マスタ!$C$5:$C$304,MATCH(10,店舗マスタ!$O$5:$O$304,0)),"") -> 近鉄百貨店奈良店 | B14: =IF($A14="","",SUMIFS(店舗マスタ!$G$5:$G$304,店舗マスタ!$C$5:$C$304,$A14,店舗マスタ!$E$5:$E$304,"アルチビオ")) -> 0 | C14: =IF($A14="","",SUMIFS(店舗マスタ!$G$5:$G$304,店舗マスタ!$C$5:$C$304,$A14,店舗マスタ!$E$5:$E$304,"スタジオピッコーネ／ピッコーネクラブ")) -> 3204200 | D14: =IF($A14="","",SUMIFS(店舗マスタ!$G$5:$G$304,店舗マスタ!$C$5:$C$304,$A14,店舗マスタ!$E$5:$E$304,"ピッコーネ")) -> 0 | E14: =IF($A14="","",SUMIFS(店舗マスタ!$G$5:$G$304,店舗マスタ!$C$5:$C$304,$A14,店舗マスタ!$E$5:$E$304,"複合（アルチビオ＋ピッコーネ系）")) -> 0 | F14: =IF($A14="","",SUM(B14:E14)) -> 3204200 | G14: =IF($A14="","",SUMIFS(店舗マスタ!$H$5:$H$304,店舗マスタ!$C$5:$C$304,$A14)) -> 3150000 | H14: =IF($A14="","",IF(G14=0,"-",F14/G14)) -> 1.0172063 | I14: =IF($A14="","",SUMIFS(店舗マスタ!$I$5:$I$304,店舗マスタ!$C$5:$C$304,$A14)) -> 3186800 | J14: =IF($A14="","",IF(I14=0,"前年実績なし",F14/I14)) -> 1.00546 | K14: =IF(OR($A14="",取込チェック!$K$3=0),"",SUMIFS(店舗マスタ!$P$5:$P$304,店舗マスタ!$C$5:$C$304,$A14)) -> 2538670 | L14: =IF(K14="","",F14-K14) -> 665530 | M14: =IF(L14="","",IF(F14=0,"-",L14/F14)) -> 0.20770551
A15: =IFERROR(INDEX(店舗マスタ!$C$5:$C$304,MATCH(11,店舗マスタ!$O$5:$O$304,0)),"") -> 近鉄百貨店橿原店 | B15: =IF($A15="","",SUMIFS(店舗マスタ!$G$5:$G$304,店舗マスタ!$C$5:$C$304,$A15,店舗マスタ!$E$5:$E$304,"アルチビオ")) -> 0 | C15: =IF($A15="","",SUMIFS(店舗マスタ!$G$5:$G$304,店舗マスタ!$C$5:$C$304,$A15,店舗マスタ!$E$5:$E$304,"スタジオピッコーネ／ピッコーネクラブ")) -> 1744500 | D15: =IF($A15="","",SUMIFS(店舗マスタ!$G$5:$G$304,店舗マスタ!$C$5:$C$304,$A15,店舗マスタ!$E$5:$E$304,"ピッコーネ")) -> 0 | E15: =IF($A15="","",SUMIFS(店舗マスタ!$G$5:$G$304,店舗マスタ!$C$5:$C$304,$A15,店舗マスタ!$E$5:$E$304,"複合（アルチビオ＋ピッコーネ系）")) -> 0 | F15: =IF($A15="","",SUM(B15:E15)) -> 1744500 | G15: =IF($A15="","",SUMIFS(店舗マスタ!$H$5:$H$304,店舗マスタ!$C$5:$C$304,$A15)) -> 1880000 | H15: =IF($A15="","",IF(G15=0,"-",F15/G15)) -> 0.92792553 | I15: =IF($A15="","",SUMIFS(店舗マスタ!$I$5:$I$304,店舗マスタ!$C$5:$C$304,$A15)) -> 1846800 | J15: =IF($A15="","",IF(I15=0,"前年実績なし",F15/I15)) -> 0.94460689 | K15: =IF(OR($A15="",取込チェック!$K$3=0),"",SUMIFS(店舗マスタ!$P$5:$P$304,店舗マスタ!$C$5:$C$304,$A15)) -> 1039100 | L15: =IF(K15="","",F15-K15) -> 705400 | M15: =IF(L15="","",IF(F15=0,"-",L15/F15)) -> 0.40435655
A16: =IFERROR(INDEX(店舗マスタ!$C$5:$C$304,MATCH(12,店舗マスタ!$O$5:$O$304,0)),"") -> 広島三越店 | B16: =IF($A16="","",SUMIFS(店舗マスタ!$G$5:$G$304,店舗マスタ!$C$5:$C$304,$A16,店舗マスタ!$E$5:$E$304,"アルチビオ")) -> 0 | C16: =IF($A16="","",SUMIFS(店舗マスタ!$G$5:$G$304,店舗マスタ!$C$5:$C$304,$A16,店舗マスタ!$E$5:$E$304,"スタジオピッコーネ／ピッコーネクラブ")) -> 1187800 | D16: =IF($A16="","",SUMIFS(店舗マスタ!$G$5:$G$304,店舗マスタ!$C$5:$C$304,$A16,店舗マスタ!$E$5:$E$304,"ピッコーネ")) -> 0 | E16: =IF($A16="","",SUMIFS(店舗マスタ!$G$5:$G$304,店舗マスタ!$C$5:$C$304,$A16,店舗マスタ!$E$5:$E$304,"複合（アルチビオ＋ピッコーネ系）")) -> 0 | F16: =IF($A16="","",SUM(B16:E16)) -> 1187800 | G16: =IF($A16="","",SUMIFS(店舗マスタ!$H$5:$H$304,店舗マスタ!$C$5:$C$304,$A16)) -> 1700000 | H16: =IF($A16="","",IF(G16=0,"-",F16/G16)) -> 0.69870588 | I16: =IF($A16="","",SUMIFS(店舗マスタ!$I$5:$I$304,店舗マスタ!$C$5:$C$304,$A16)) -> 1274700 | J16: =IF($A16="","",IF(I16=0,"前年実績なし",F16/I16)) -> 0.9318271 | K16: =IF(OR($A16="",取込チェック!$K$3=0),"",SUMIFS(店舗マスタ!$P$5:$P$304,店舗マスタ!$C$5:$C$304,$A16)) -> 819800 | L16: =IF(K16="","",F16-K16) -> 368000 | M16: =IF(L16="","",IF(F16=0,"-",L16/F16)) -> 0.30981647
A17: =IFERROR(INDEX(店舗マスタ!$C$5:$C$304,MATCH(13,店舗マスタ!$O$5:$O$304,0)),"") -> 名古屋三越栄店 | B17: =IF($A17="","",SUMIFS(店舗マスタ!$G$5:$G$304,店舗マスタ!$C$5:$C$304,$A17,店舗マスタ!$E$5:$E$304,"アルチビオ")) -> 0 | C17: =IF($A17="","",SUMIFS(店舗マスタ!$G$5:$G$304,店舗マスタ!$C$5:$C$304,$A17,店舗マスタ!$E$5:$E$304,"スタジオピッコーネ／ピッコーネクラブ")) -> 4266900 | D17: =IF($A17="","",SUMIFS(店舗マスタ!$G$5:$G$304,店舗マスタ!$C$5:$C$304,$A17,店舗マスタ!$E$5:$E$304,"ピッコーネ")) -> 0 | E17: =IF($A17="","",SUMIFS(店舗マスタ!$G$5:$G$304,店舗マスタ!$C$5:$C$304,$A17,店舗マスタ!$E$5:$E$304,"複合（アルチビオ＋ピッコーネ系）")) -> 0 | F17: =IF($A17="","",SUM(B17:E17)) -> 4266900 | G17: =IF($A17="","",SUMIFS(店舗マスタ!$H$5:$H$304,店舗マスタ!$C$5:$C$304,$A17)) -> 4200000 | H17: =IF($A17="","",IF(G17=0,"-",F17/G17)) -> 1.0159286 | I17: =IF($A17="","",SUMIFS(店舗マスタ!$I$5:$I$304,店舗マスタ!$C$5:$C$304,$A17)) -> 4153200 | J17: =IF($A17="","",IF(I17=0,"前年実績なし",F17/I17)) -> 1.0273765 | K17: =IF(OR($A17="",取込チェック!$K$3=0),"",SUMIFS(店舗マスタ!$P$5:$P$304,店舗マスタ!$C$5:$C$304,$A17)) -> 4185000 | L17: =IF(K17="","",F17-K17) -> 81900 | M17: =IF(L17="","",IF(F17=0,"-",L17/F17)) -> 0.019194263
A18: =IFERROR(INDEX(店舗マスタ!$C$5:$C$304,MATCH(14,店舗マスタ!$O$5:$O$304,0)),"") -> ハービスPLAZA店 | B18: =IF($A18="","",SUMIFS(店舗マスタ!$G$5:$G$304,店舗マスタ!$C$5:$C$304,$A18,店舗マスタ!$E$5:$E$304,"アルチビオ")) -> 2922845 | C18: =IF($A18="","",SUMIFS(店舗マスタ!$G$5:$G$304,店舗マスタ!$C$5:$C$304,$A18,店舗マスタ!$E$5:$E$304,"スタジオピッコーネ／ピッコーネクラブ")) -> 0 | D18: =IF($A18="","",SUMIFS(店舗マスタ!$G$5:$G$304,店舗マスタ!$C$5:$C$304,$A18,店舗マスタ!$E$5:$E$304,"ピッコーネ")) -> 0 | E18: =IF($A18="","",SUMIFS(店舗マスタ!$G$5:$G$304,店舗マスタ!$C$5:$C$304,$A18,店舗マスタ!$E$5:$E$304,"複合（アルチビオ＋ピッコーネ系）")) -> 0 | F18: =IF($A18="","",SUM(B18:E18)) -> 2922845 | G18: =IF($A18="","",SUMIFS(店舗マスタ!$H$5:$H$304,店舗マスタ!$C$5:$C$304,$A18)) -> 3613000 | H18: =IF($A18="","",IF(G18=0,"-",F18/G18)) -> 0.80898007 | I18: =IF($A18="","",SUMIFS(店舗マスタ!$I$5:$I$304,店舗マスタ!$C$5:$C$304,$A18)) -> 3478940 | J18: =IF($A18="","",IF(I18=0,"前年実績なし",F18/I18)) -> 0.8401539 | K18: =IF(OR($A18="",取込チェック!$K$3=0),"",SUMIFS(店舗マスタ!$P$5:$P$304,店舗マスタ!$C$5:$C$304,$A18)) -> 1946845 | L18: =IF(K18="","",F18-K18) -> 976000 | M18: =IF(L18="","",IF(F18=0,"-",L18/F18)) -> 0.33392123
A19: =IFERROR(INDEX(店舗マスタ!$C$5:$C$304,MATCH(15,店舗マスタ!$O$5:$O$304,0)),"") -> ラポルテ芦屋店 | B19: =IF($A19="","",SUMIFS(店舗マスタ!$G$5:$G$304,店舗マスタ!$C$5:$C$304,$A19,店舗マスタ!$E$5:$E$304,"アルチビオ")) -> 0 | C19: =IF($A19="","",SUMIFS(店舗マスタ!$G$5:$G$304,店舗マスタ!$C$5:$C$304,$A19,店舗マスタ!$E$5:$E$304,"スタジオピッコーネ／ピッコーネクラブ")) -> 0 | D19: =IF($A19="","",SUMIFS(店舗マスタ!$G$5:$G$304,店舗マスタ!$C$5:$C$304,$A19,店舗マスタ!$E$5:$E$304,"ピッコーネ")) -> 3138950 | E19: =IF($A19="","",SUMIFS(店舗マスタ!$G$5:$G$304,店舗マスタ!$C$5:$C$304,$A19,店舗マスタ!$E$5:$E$304,"複合（アルチビオ＋ピッコーネ系）")) -> 0 | F19: =IF($A19="","",SUM(B19:E19)) -> 3138950 | G19: =IF($A19="","",SUMIFS(店舗マスタ!$H$5:$H$304,店舗マスタ!$C$5:$C$304,$A19)) -> 2500000 | H19: =IF($A19="","",IF(G19=0,"-",F19/G19)) -> 1.25558 | I19: =IF($A19="","",SUMIFS(店舗マスタ!$I$5:$I$304,店舗マスタ!$C$5:$C$304,$A19)) -> 2031171 | J19: =IF($A19="","",IF(I19=0,"前年実績なし",F19/I19)) -> 1.5453893 | K19: =IF(OR($A19="",取込チェック!$K$3=0),"",SUMIFS(店舗マスタ!$P$5:$P$304,店舗マスタ!$C$5:$C$304,$A19)) -> 978750 | L19: =IF(K19="","",F19-K19) -> 2160200 | M19: =IF(L19="","",IF(F19=0,"-",L19/F19)) -> 0.68819191
A20: =IFERROR(INDEX(店舗マスタ!$C$5:$C$304,MATCH(16,店舗マスタ!$O$5:$O$304,0)),"") -> ホテルニューオータニ大阪店 | B20: =IF($A20="","",SUMIFS(店舗マスタ!$G$5:$G$304,店舗マスタ!$C$5:$C$304,$A20,店舗マスタ!$E$5:$E$304,"アルチビオ")) -> 0 | C20: =IF($A20="","",SUMIFS(店舗マスタ!$G$5:$G$304,店舗マスタ!$C$5:$C$304,$A20,店舗マスタ!$E$5:$E$304,"スタジオピッコーネ／ピッコーネクラブ")) -> 0 | D20: =IF($A20="","",SUMIFS(店舗マスタ!$G$5:$G$304,店舗マスタ!$C$5:$C$304,$A20,店舗マスタ!$E$5:$E$304,"ピッコーネ")) -> 946100 | E20: =IF($A20="","",SUMIFS(店舗マスタ!$G$5:$G$304,店舗マスタ!$C$5:$C$304,$A20,店舗マスタ!$E$5:$E$304,"複合（アルチビオ＋ピッコーネ系）")) -> 0 | F20: =IF($A20="","",SUM(B20:E20)) -> 946100 | G20: =IF($A20="","",SUMIFS(店舗マスタ!$H$5:$H$304,店舗マスタ!$C$5:$C$304,$A20)) -> 1550000 | H20: =IF($A20="","",IF(G20=0,"-",F20/G20)) -> 0.6103871 | I20: =IF($A20="","",SUMIFS(店舗マスタ!$I$5:$I$304,店舗マスタ!$C$5:$C$304,$A20)) -> 1285696 | J20: =IF($A20="","",IF(I20=0,"前年実績なし",F20/I20)) -> 0.73586602 | K20: =IF(OR($A20="",取込チェック!$K$3=0),"",SUMIFS(店舗マスタ!$P$5:$P$304,店舗マスタ!$C$5:$C$304,$A20)) -> 621400 | L20: =IF(K20="","",F20-K20) -> 324700 | M20: =IF(L20="","",IF(F20=0,"-",L20/F20)) -> 0.34319839
A21: =IFERROR(INDEX(店舗マスタ!$C$5:$C$304,MATCH(17,店舗マスタ!$O$5:$O$304,0)),"") -> 阪急三番街店 | B21: =IF($A21="","",SUMIFS(店舗マスタ!$G$5:$G$304,店舗マスタ!$C$5:$C$304,$A21,店舗マスタ!$E$5:$E$304,"アルチビオ")) -> 0 | C21: =IF($A21="","",SUMIFS(店舗マスタ!$G$5:$G$304,店舗マスタ!$C$5:$C$304,$A21,店舗マスタ!$E$5:$E$304,"スタジオピッコーネ／ピッコーネクラブ")) -> 0 | D21: =IF($A21="","",SUMIFS(店舗マスタ!$G$5:$G$304,店舗マスタ!$C$5:$C$304,$A21,店舗マスタ!$E$5:$E$304,"ピッコーネ")) -> 6773261 | E21: =IF($A21="","",SUMIFS(店舗マスタ!$G$5:$G$304,店舗マスタ!$C$5:$C$304,$A21,店舗マスタ!$E$5:$E$304,"複合（アルチビオ＋ピッコーネ系）")) -> 0 | F21: =IF($A21="","",SUM(B21:E21)) -> 6773261 | G21: =IF($A21="","",SUMIFS(店舗マスタ!$H$5:$H$304,店舗マスタ!$C$5:$C$304,$A21)) -> 3500000 | H21: =IF($A21="","",IF(G21=0,"-",F21/G21)) -> 1.9352174 | I21: =IF($A21="","",SUMIFS(店舗マスタ!$I$5:$I$304,店舗マスタ!$C$5:$C$304,$A21)) -> 2378787 | J21: =IF($A21="","",IF(I21=0,"前年実績なし",F21/I21)) -> 2.8473592 | K21: =IF(OR($A21="",取込チェック!$K$3=0),"",SUMIFS(店舗マスタ!$P$5:$P$304,店舗マスタ!$C$5:$C$304,$A21)) -> 904121 | L21: =IF(K21="","",F21-K21) -> 5869140 | M21: =IF(L21="","",IF(F21=0,"-",L21/F21)) -> 0.86651614
A22: =IFERROR(INDEX(店舗マスタ!$C$5:$C$304,MATCH(18,店舗マスタ!$O$5:$O$304,0)),"") -> 堀江店 | B22: =IF($A22="","",SUMIFS(店舗マスタ!$G$5:$G$304,店舗マスタ!$C$5:$C$304,$A22,店舗マスタ!$E$5:$E$304,"アルチビオ")) -> 1572240 | C22: =IF($A22="","",SUMIFS(店舗マスタ!$G$5:$G$304,店舗マスタ!$C$5:$C$304,$A22,店舗マスタ!$E$5:$E$304,"スタジオピッコーネ／ピッコーネクラブ")) -> 0 | D22: =IF($A22="","",SUMIFS(店舗マスタ!$G$5:$G$304,店舗マスタ!$C$5:$C$304,$A22,店舗マスタ!$E$5:$E$304,"ピッコーネ")) -> 0 | E22: =IF($A22="","",SUMIFS(店舗マスタ!$G$5:$G$304,店舗マスタ!$C$5:$C$304,$A22,店舗マスタ!$E$5:$E$304,"複合（アルチビオ＋ピッコーネ系）")) -> 0 | F22: =IF($A22="","",SUM(B22:E22)) -> 1572240 | G22: =IF($A22="","",SUMIFS(店舗マスタ!$H$5:$H$304,店舗マスタ!$C$5:$C$304,$A22)) -> 2787000 | H22: =IF($A22="","",IF(G22=0,"-",F22/G22)) -> 0.56413348 | I22: =IF($A22="","",SUMIFS(店舗マスタ!$I$5:$I$304,店舗マスタ!$C$5:$C$304,$A22)) -> 2688196 | J22: =IF($A22="","",IF(I22=0,"前年実績なし",F22/I22)) -> 0.58486807 | K22: =IF(OR($A22="",取込チェック!$K$3=0),"",SUMIFS(店舗マスタ!$P$5:$P$304,店舗マスタ!$C$5:$C$304,$A22)) -> 659140 | L22: =IF(K22="","",F22-K22) -> 913100 | M22: =IF(L22="","",IF(F22=0,"-",L22/F22)) -> 0.58076375
A23: =IFERROR(INDEX(店舗マスタ!$C$5:$C$304,MATCH(19,店舗マスタ!$O$5:$O$304,0)),"") -> 高島屋横浜店 | B23: =IF($A23="","",SUMIFS(店舗マスタ!$G$5:$G$304,店舗マスタ!$C$5:$C$304,$A23,店舗マスタ!$E$5:$E$304,"アルチビオ")) -> 1579789 | C23: =IF($A23="","",SUMIFS(店舗マスタ!$G$5:$G$304,店舗マスタ!$C$5:$C$304,$A23,店舗マスタ!$E$5:$E$304,"スタジオピッコーネ／ピッコーネクラブ")) -> 3134900 | D23: =IF($A23="","",SUMIFS(店舗マスタ!$G$5:$G$304,店舗マスタ!$C$5:$C$304,$A23,店舗マスタ!$E$5:$E$304,"ピッコーネ")) -> 0 | E23: =IF($A23="","",SUMIFS(店舗マスタ!$G$5:$G$304,店舗マスタ!$C$5:$C$304,$A23,店舗マスタ!$E$5:$E$304,"複合（アルチビオ＋ピッコーネ系）")) -> 0 | F23: =IF($A23="","",SUM(B23:E23)) -> 4714689 | G23: =IF($A23="","",SUMIFS(店舗マスタ!$H$5:$H$304,店舗マスタ!$C$5:$C$304,$A23)) -> 8000000 | H23: =IF($A23="","",IF(G23=0,"-",F23/G23)) -> 0.58933612 | I23: =IF($A23="","",SUMIFS(店舗マスタ!$I$5:$I$304,店舗マスタ!$C$5:$C$304,$A23)) -> 5087540 | J23: =IF($A23="","",IF(I23=0,"前年実績なし",F23/I23)) -> 0.92671291 | K23: =IF(OR($A23="",取込チェック!$K$3=0),"",SUMIFS(店舗マスタ!$P$5:$P$304,店舗マスタ!$C$5:$C$304,$A23)) -> 4241289 | L23: =IF(K23="","",F23-K23) -> 473400 | M23: =IF(L23="","",IF(F23=0,"-",L23/F23)) -> 0.10040959
A24: =IFERROR(INDEX(店舗マスタ!$C$5:$C$304,MATCH(20,店舗マスタ!$O$5:$O$304,0)),"") -> 高島屋高崎店 | B24: =IF($A24="","",SUMIFS(店舗マスタ!$G$5:$G$304,店舗マスタ!$C$5:$C$304,$A24,店舗マスタ!$E$5:$E$304,"アルチビオ")) -> 1117980 | C24: =IF($A24="","",SUMIFS(店舗マスタ!$G$5:$G$304,店舗マスタ!$C$5:$C$304,$A24,店舗マスタ!$E$5:$E$304,"スタジオピッコーネ／ピッコーネクラブ")) -> 2640520 | D24: =IF($A24="","",SUMIFS(店舗マスタ!$G$5:$G$304,店舗マスタ!$C$5:$C$304,$A24,店舗マスタ!$E$5:$E$304,"ピッコーネ")) -> 0 | E24: =IF($A24="","",SUMIFS(店舗マスタ!$G$5:$G$304,店舗マスタ!$C$5:$C$304,$A24,店舗マスタ!$E$5:$E$304,"複合（アルチビオ＋ピッコーネ系）")) -> 0 | F24: =IF($A24="","",SUM(B24:E24)) -> 3758500 | G24: =IF($A24="","",SUMIFS(店舗マスタ!$H$5:$H$304,店舗マスタ!$C$5:$C$304,$A24)) -> 5659000 | H24: =IF($A24="","",IF(G24=0,"-",F24/G24)) -> 0.66416328 | I24: =IF($A24="","",SUMIFS(店舗マスタ!$I$5:$I$304,店舗マスタ!$C$5:$C$304,$A24)) -> 4116260 | J24: =IF($A24="","",IF(I24=0,"前年実績なし",F24/I24)) -> 0.91308615 | K24: =IF(OR($A24="",取込チェック!$K$3=0),"",SUMIFS(店舗マスタ!$P$5:$P$304,店舗マスタ!$C$5:$C$304,$A24)) -> 3375800 | L24: =IF(K24="","",F24-K24) -> 382700 | M24: =IF(L24="","",IF(F24=0,"-",L24/F24)) -> 0.10182254
A25: =IFERROR(INDEX(店舗マスタ!$C$5:$C$304,MATCH(21,店舗マスタ!$O$5:$O$304,0)),"") -> 高島屋新宿店 | B25: =IF($A25="","",SUMIFS(店舗マスタ!$G$5:$G$304,店舗マスタ!$C$5:$C$304,$A25,店舗マスタ!$E$5:$E$304,"アルチビオ")) -> 2991974 | C25: =IF($A25="","",SUMIFS(店舗マスタ!$G$5:$G$304,店舗マスタ!$C$5:$C$304,$A25,店舗マスタ!$E$5:$E$304,"スタジオピッコーネ／ピッコーネクラブ")) -> 3285560 | D25: =IF($A25="","",SUMIFS(店舗マスタ!$G$5:$G$304,店舗マスタ!$C$5:$C$304,$A25,店舗マスタ!$E$5:$E$304,"ピッコーネ")) -> 0 | E25: =IF($A25="","",SUMIFS(店舗マスタ!$G$5:$G$304,店舗マスタ!$C$5:$C$304,$A25,店舗マスタ!$E$5:$E$304,"複合（アルチビオ＋ピッコーネ系）")) -> 0 | F25: =IF($A25="","",SUM(B25:E25)) -> 6277534 | G25: =IF($A25="","",SUMIFS(店舗マスタ!$H$5:$H$304,店舗マスタ!$C$5:$C$304,$A25)) -> 5171000 | H25: =IF($A25="","",IF(G25=0,"-",F25/G25)) -> 1.2139884 | I25: =IF($A25="","",SUMIFS(店舗マスタ!$I$5:$I$304,店舗マスタ!$C$5:$C$304,$A25)) -> 5104775 | J25: =IF($A25="","",IF(I25=0,"前年実績なし",F25/I25)) -> 1.2297376 | K25: =IF(OR($A25="",取込チェック!$K$3=0),"",SUMIFS(店舗マスタ!$P$5:$P$304,店舗マスタ!$C$5:$C$304,$A25)) -> 5899134 | L25: =IF(K25="","",F25-K25) -> 378400 | M25: =IF(L25="","",IF(F25=0,"-",L25/F25)) -> 0.060278447
A26: =IFERROR(INDEX(店舗マスタ!$C$5:$C$304,MATCH(22,店舗マスタ!$O$5:$O$304,0)),"") -> 東武百貨店池袋店 | B26: =IF($A26="","",SUMIFS(店舗マスタ!$G$5:$G$304,店舗マスタ!$C$5:$C$304,$A26,店舗マスタ!$E$5:$E$304,"アルチビオ")) -> 0 | C26: =IF($A26="","",SUMIFS(店舗マスタ!$G$5:$G$304,店舗マスタ!$C$5:$C$304,$A26,店舗マスタ!$E$5:$E$304,"スタジオピッコーネ／ピッコーネクラブ")) -> 5052300 | D26: =IF($A26="","",SUMIFS(店舗マスタ!$G$5:$G$304,店舗マスタ!$C$5:$C$304,$A26,店舗マスタ!$E$5:$E$304,"ピッコーネ")) -> 0 | E26: =IF($A26="","",SUMIFS(店舗マスタ!$G$5:$G$304,店舗マスタ!$C$5:$C$304,$A26,店舗マスタ!$E$5:$E$304,"複合（アルチビオ＋ピッコーネ系）")) -> 0 | F26: =IF($A26="","",SUM(B26:E26)) -> 5052300 | G26: =IF($A26="","",SUMIFS(店舗マスタ!$H$5:$H$304,店舗マスタ!$C$5:$C$304,$A26)) -> 5370000 | H26: =IF($A26="","",IF(G26=0,"-",F26/G26)) -> 0.94083799 | I26: =IF($A26="","",SUMIFS(店舗マスタ!$I$5:$I$304,店舗マスタ!$C$5:$C$304,$A26)) -> 5057100 | J26: =IF($A26="","",IF(I26=0,"前年実績なし",F26/I26)) -> 0.99905084 | K26: =IF(OR($A26="",取込チェック!$K$3=0),"",SUMIFS(店舗マスタ!$P$5:$P$304,店舗マスタ!$C$5:$C$304,$A26)) -> 5052300 | L26: =IF(K26="","",F26-K26) -> 0 | M26: =IF(L26="","",IF(F26=0,"-",L26/F26)) -> 0
A27: =IFERROR(INDEX(店舗マスタ!$C$5:$C$304,MATCH(23,店舗マスタ!$O$5:$O$304,0)),"") -> 日本橋三越本店 | B27: =IF($A27="","",SUMIFS(店舗マスタ!$G$5:$G$304,店舗マスタ!$C$5:$C$304,$A27,店舗マスタ!$E$5:$E$304,"アルチビオ")) -> 3069240 | C27: =IF($A27="","",SUMIFS(店舗マスタ!$G$5:$G$304,店舗マスタ!$C$5:$C$304,$A27,店舗マスタ!$E$5:$E$304,"スタジオピッコーネ／ピッコーネクラブ")) -> 4633300 | D27: =IF($A27="","",SUMIFS(店舗マスタ!$G$5:$G$304,店舗マスタ!$C$5:$C$304,$A27,店舗マスタ!$E$5:$E$304,"ピッコーネ")) -> 0 | E27: =IF($A27="","",SUMIFS(店舗マスタ!$G$5:$G$304,店舗マスタ!$C$5:$C$304,$A27,店舗マスタ!$E$5:$E$304,"複合（アルチビオ＋ピッコーネ系）")) -> 0 | F27: =IF($A27="","",SUM(B27:E27)) -> 7702540 | G27: =IF($A27="","",SUMIFS(店舗マスタ!$H$5:$H$304,店舗マスタ!$C$5:$C$304,$A27)) -> 10681000 | H27: =IF($A27="","",IF(G27=0,"-",F27/G27)) -> 0.72114409 | I27: =IF($A27="","",SUMIFS(店舗マスタ!$I$5:$I$304,店舗マスタ!$C$5:$C$304,$A27)) -> 8446700 | J27: =IF($A27="","",IF(I27=0,"前年実績なし",F27/I27)) -> 0.91189932 | K27: =IF(OR($A27="",取込チェック!$K$3=0),"",SUMIFS(店舗マスタ!$P$5:$P$304,店舗マスタ!$C$5:$C$304,$A27)) -> 7206400 | L27: =IF(K27="","",F27-K27) -> 496140 | M27: =IF(L27="","",IF(F27=0,"-",L27/F27)) -> 0.064412518
A28: =IFERROR(INDEX(店舗マスタ!$C$5:$C$304,MATCH(24,店舗マスタ!$O$5:$O$304,0)),"") -> 札幌三越 | B28: =IF($A28="","",SUMIFS(店舗マスタ!$G$5:$G$304,店舗マスタ!$C$5:$C$304,$A28,店舗マスタ!$E$5:$E$304,"アルチビオ")) -> 0 | C28: =IF($A28="","",SUMIFS(店舗マスタ!$G$5:$G$304,店舗マスタ!$C$5:$C$304,$A28,店舗マスタ!$E$5:$E$304,"スタジオピッコーネ／ピッコーネクラブ")) -> 0 | D28: =IF($A28="","",SUMIFS(店舗マスタ!$G$5:$G$304,店舗マスタ!$C$5:$C$304,$A28,店舗マスタ!$E$5:$E$304,"ピッコーネ")) -> 0 | E28: =IF($A28="","",SUMIFS(店舗マスタ!$G$5:$G$304,店舗マスタ!$C$5:$C$304,$A28,店舗マスタ!$E$5:$E$304,"複合（アルチビオ＋ピッコーネ系）")) -> 2572970 | F28: =IF($A28="","",SUM(B28:E28)) -> 2572970 | G28: =IF($A28="","",SUMIFS(店舗マスタ!$H$5:$H$304,店舗マスタ!$C$5:$C$304,$A28)) -> 3404000 | H28: =IF($A28="","",IF(G28=0,"-",F28/G28)) -> 0.75586663 | I28: =IF($A28="","",SUMIFS(店舗マスタ!$I$5:$I$304,店舗マスタ!$C$5:$C$304,$A28)) -> 3225660 | J28: =IF($A28="","",IF(I28=0,"前年実績なし",F28/I28)) -> 0.79765691 | K28: =IF(OR($A28="",取込チェック!$K$3=0),"",SUMIFS(店舗マスタ!$P$5:$P$304,店舗マスタ!$C$5:$C$304,$A28)) -> 1960000 | L28: =IF(K28="","",F28-K28) -> 612970 | M28: =IF(L28="","",IF(F28=0,"-",L28/F28)) -> 0.23823441
A29: =IFERROR(INDEX(店舗マスタ!$C$5:$C$304,MATCH(25,店舗マスタ!$O$5:$O$304,0)),"") -> 松坂屋上野店 | B29: =IF($A29="","",SUMIFS(店舗マスタ!$G$5:$G$304,店舗マスタ!$C$5:$C$304,$A29,店舗マスタ!$E$5:$E$304,"アルチビオ")) -> 0 | C29: =IF($A29="","",SUMIFS(店舗マスタ!$G$5:$G$304,店舗マスタ!$C$5:$C$304,$A29,店舗マスタ!$E$5:$E$304,"スタジオピッコーネ／ピッコーネクラブ")) -> 1841920 | D29: =IF($A29="","",SUMIFS(店舗マスタ!$G$5:$G$304,店舗マスタ!$C$5:$C$304,$A29,店舗マスタ!$E$5:$E$304,"ピッコーネ")) -> 0 | E29: =IF($A29="","",SUMIFS(店舗マスタ!$G$5:$G$304,店舗マスタ!$C$5:$C$304,$A29,店舗マスタ!$E$5:$E$304,"複合（アルチビオ＋ピッコーネ系）")) -> 0 | F29: =IF($A29="","",SUM(B29:E29)) -> 1841920 | G29: =IF($A29="","",SUMIFS(店舗マスタ!$H$5:$H$304,店舗マスタ!$C$5:$C$304,$A29)) -> 2050000 | H29: =IF($A29="","",IF(G29=0,"-",F29/G29)) -> 0.89849756 | I29: =IF($A29="","",SUMIFS(店舗マスタ!$I$5:$I$304,店舗マスタ!$C$5:$C$304,$A29)) -> 1940260 | J29: =IF($A29="","",IF(I29=0,"前年実績なし",F29/I29)) -> 0.94931607 | K29: =IF(OR($A29="",取込チェック!$K$3=0),"",SUMIFS(店舗マスタ!$P$5:$P$304,店舗マスタ!$C$5:$C$304,$A29)) -> 1797020 | L29: =IF(K29="","",F29-K29) -> 44900 | M29: =IF(L29="","",IF(F29=0,"-",L29/F29)) -> 0.024376737
A30: =IFERROR(INDEX(店舗マスタ!$C$5:$C$304,MATCH(26,店舗マスタ!$O$5:$O$304,0)),"") -> 松屋銀座本店 | B30: =IF($A30="","",SUMIFS(店舗マスタ!$G$5:$G$304,店舗マスタ!$C$5:$C$304,$A30,店舗マスタ!$E$5:$E$304,"アルチビオ")) -> 1425313 | C30: =IF($A30="","",SUMIFS(店舗マスタ!$G$5:$G$304,店舗マスタ!$C$5:$C$304,$A30,店舗マスタ!$E$5:$E$304,"スタジオピッコーネ／ピッコーネクラブ")) -> 3005230 | D30: =IF($A30="","",SUMIFS(店舗マスタ!$G$5:$G$304,店舗マスタ!$C$5:$C$304,$A30,店舗マスタ!$E$5:$E$304,"ピッコーネ")) -> 0 | E30: =IF($A30="","",SUMIFS(店舗マスタ!$G$5:$G$304,店舗マスタ!$C$5:$C$304,$A30,店舗マスタ!$E$5:$E$304,"複合（アルチビオ＋ピッコーネ系）")) -> 0 | F30: =IF($A30="","",SUM(B30:E30)) -> 4430543 | G30: =IF($A30="","",SUMIFS(店舗マスタ!$H$5:$H$304,店舗マスタ!$C$5:$C$304,$A30)) -> 5562000 | H30: =IF($A30="","",IF(G30=0,"-",F30/G30)) -> 0.79657371 | I30: =IF($A30="","",SUMIFS(店舗マスタ!$I$5:$I$304,店舗マスタ!$C$5:$C$304,$A30)) -> 4799390 | J30: =IF($A30="","",IF(I30=0,"前年実績なし",F30/I30)) -> 0.92314711 | K30: =IF(OR($A30="",取込チェック!$K$3=0),"",SUMIFS(店舗マスタ!$P$5:$P$304,店舗マスタ!$C$5:$C$304,$A30)) -> 4145363 | L30: =IF(K30="","",F30-K30) -> 285180 | M30: =IF(L30="","",IF(F30=0,"-",L30/F30)) -> 0.064366828
A31: =IFERROR(INDEX(店舗マスタ!$C$5:$C$304,MATCH(27,店舗マスタ!$O$5:$O$304,0)),"") -> 東武百貨店船橋店 | B31: =IF($A31="","",SUMIFS(店舗マスタ!$G$5:$G$304,店舗マスタ!$C$5:$C$304,$A31,店舗マスタ!$E$5:$E$304,"アルチビオ")) -> 0 | C31: =IF($A31="","",SUMIFS(店舗マスタ!$G$5:$G$304,店舗マスタ!$C$5:$C$304,$A31,店舗マスタ!$E$5:$E$304,"スタジオピッコーネ／ピッコーネクラブ")) -> 2155045 | D31: =IF($A31="","",SUMIFS(店舗マスタ!$G$5:$G$304,店舗マスタ!$C$5:$C$304,$A31,店舗マスタ!$E$5:$E$304,"ピッコーネ")) -> 0 | E31: =IF($A31="","",SUMIFS(店舗マスタ!$G$5:$G$304,店舗マスタ!$C$5:$C$304,$A31,店舗マスタ!$E$5:$E$304,"複合（アルチビオ＋ピッコーネ系）")) -> 0 | F31: =IF($A31="","",SUM(B31:E31)) -> 2155045 | G31: =IF($A31="","",SUMIFS(店舗マスタ!$H$5:$H$304,店舗マスタ!$C$5:$C$304,$A31)) -> 1923000 | H31: =IF($A31="","",IF(G31=0,"-",F31/G31)) -> 1.1206682 | I31: =IF($A31="","",SUMIFS(店舗マスタ!$I$5:$I$304,店舗マスタ!$C$5:$C$304,$A31)) -> 1662095 | J31: =IF($A31="","",IF(I31=0,"前年実績なし",F31/I31)) -> 1.2965835 | K31: =IF(OR($A31="",取込チェック!$K$3=0),"",SUMIFS(店舗マスタ!$P$5:$P$304,店舗マスタ!$C$5:$C$304,$A31)) -> 2039545 | L31: =IF(K31="","",F31-K31) -> 115500 | M31: =IF(L31="","",IF(F31=0,"-",L31/F31)) -> 0.053595169
A32: =IFERROR(INDEX(店舗マスタ!$C$5:$C$304,MATCH(28,店舗マスタ!$O$5:$O$304,0)),"") -> 伊勢丹浦和店 | B32: =IF($A32="","",SUMIFS(店舗マスタ!$G$5:$G$304,店舗マスタ!$C$5:$C$304,$A32,店舗マスタ!$E$5:$E$304,"アルチビオ")) -> 469470 | C32: =IF($A32="","",SUMIFS(店舗マスタ!$G$5:$G$304,店舗マスタ!$C$5:$C$304,$A32,店舗マスタ!$E$5:$E$304,"スタジオピッコーネ／ピッコーネクラブ")) -> 0 | D32: =IF($A32="","",SUMIFS(店舗マスタ!$G$5:$G$304,店舗マスタ!$C$5:$C$304,$A32,店舗マスタ!$E$5:$E$304,"ピッコーネ")) -> 0 | E32: =IF($A32="","",SUMIFS(店舗マスタ!$G$5:$G$304,店舗マスタ!$C$5:$C$304,$A32,店舗マスタ!$E$5:$E$304,"複合（アルチビオ＋ピッコーネ系）")) -> 0 | F32: =IF($A32="","",SUM(B32:E32)) -> 469470 | G32: =IF($A32="","",SUMIFS(店舗マスタ!$H$5:$H$304,店舗マスタ!$C$5:$C$304,$A32)) -> 1100000 | H32: =IF($A32="","",IF(G32=0,"-",F32/G32)) -> 0.42679091 | I32: =IF($A32="","",SUMIFS(店舗マスタ!$I$5:$I$304,店舗マスタ!$C$5:$C$304,$A32)) -> 1083300 | J32: =IF($A32="","",IF(I32=0,"前年実績なし",F32/I32)) -> 0.43337026 | K32: =IF(OR($A32="",取込チェック!$K$3=0),"",SUMIFS(店舗マスタ!$P$5:$P$304,店舗マスタ!$C$5:$C$304,$A32)) -> 206800 | L32: =IF(K32="","",F32-K32) -> 262670 | M32: =IF(L32="","",IF(F32=0,"-",L32/F32)) -> 0.55950327
A33: =IFERROR(INDEX(店舗マスタ!$C$5:$C$304,MATCH(29,店舗マスタ!$O$5:$O$304,0)),"") -> 仙台三越 | B33: =IF($A33="","",SUMIFS(店舗マスタ!$G$5:$G$304,店舗マスタ!$C$5:$C$304,$A33,店舗マスタ!$E$5:$E$304,"アルチビオ")) -> 0 | C33: =IF($A33="","",SUMIFS(店舗マスタ!$G$5:$G$304,店舗マスタ!$C$5:$C$304,$A33,店舗マスタ!$E$5:$E$304,"スタジオピッコーネ／ピッコーネクラブ")) -> 1266300 | D33: =IF($A33="","",SUMIFS(店舗マスタ!$G$5:$G$304,店舗マスタ!$C$5:$C$304,$A33,店舗マスタ!$E$5:$E$304,"ピッコーネ")) -> 0 | E33: =IF($A33="","",SUMIFS(店舗マスタ!$G$5:$G$304,店舗マスタ!$C$5:$C$304,$A33,店舗マスタ!$E$5:$E$304,"複合（アルチビオ＋ピッコーネ系）")) -> 0 | F33: =IF($A33="","",SUM(B33:E33)) -> 1266300 | G33: =IF($A33="","",SUMIFS(店舗マスタ!$H$5:$H$304,店舗マスタ!$C$5:$C$304,$A33)) -> 1250000 | H33: =IF($A33="","",IF(G33=0,"-",F33/G33)) -> 1.01304 | I33: =IF($A33="","",SUMIFS(店舗マスタ!$I$5:$I$304,店舗マスタ!$C$5:$C$304,$A33)) -> 948000 | J33: =IF($A33="","",IF(I33=0,"前年実績なし",F33/I33)) -> 1.3357595 | K33: =IF(OR($A33="",取込チェック!$K$3=0),"",SUMIFS(店舗マスタ!$P$5:$P$304,店舗マスタ!$C$5:$C$304,$A33)) -> 1266300 | L33: =IF(K33="","",F33-K33) -> 0 | M33: =IF(L33="","",IF(F33=0,"-",L33/F33)) -> 0
A34: =IFERROR(INDEX(店舗マスタ!$C$5:$C$304,MATCH(30,店舗マスタ!$O$5:$O$304,0)),"") -> 東急百貨店たまプラーザ店 | B34: =IF($A34="","",SUMIFS(店舗マスタ!$G$5:$G$304,店舗マスタ!$C$5:$C$304,$A34,店舗マスタ!$E$5:$E$304,"アルチビオ")) -> 0 | C34: =IF($A34="","",SUMIFS(店舗マスタ!$G$5:$G$304,店舗マスタ!$C$5:$C$304,$A34,店舗マスタ!$E$5:$E$304,"スタジオピッコーネ／ピッコーネクラブ")) -> 0 | D34: =IF($A34="","",SUMIFS(店舗マスタ!$G$5:$G$304,店舗マスタ!$C$5:$C$304,$A34,店舗マスタ!$E$5:$E$304,"ピッコーネ")) -> 3108900 | E34: =IF($A34="","",SUMIFS(店舗マスタ!$G$5:$G$304,店舗マスタ!$C$5:$C$304,$A34,店舗マスタ!$E$5:$E$304,"複合（アルチビオ＋ピッコーネ系）")) -> 0 | F34: =IF($A34="","",SUM(B34:E34)) -> 3108900 | G34: =IF($A34="","",SUMIFS(店舗マスタ!$H$5:$H$304,店舗マスタ!$C$5:$C$304,$A34)) -> 4800000 | H34: =IF($A34="","",IF(G34=0,"-",F34/G34)) -> 0.6476875 | I34: =IF($A34="","",SUMIFS(店舗マスタ!$I$5:$I$304,店舗マスタ!$C$5:$C$304,$A34)) -> 4852400 | J34: =IF($A34="","",IF(I34=0,"前年実績なし",F34/I34)) -> 0.64069327 | K34: =IF(OR($A34="",取込チェック!$K$3=0),"",SUMIFS(店舗マスタ!$P$5:$P$304,店舗マスタ!$C$5:$C$304,$A34)) -> 2879800 | L34: =IF(K34="","",F34-K34) -> 229100 | M34: =IF(L34="","",IF(F34=0,"-",L34/F34)) -> 0.073691659
A35: =IFERROR(INDEX(店舗マスタ!$C$5:$C$304,MATCH(31,店舗マスタ!$O$5:$O$304,0)),"") -> 東急百貨店吉祥寺店 | B35: =IF($A35="","",SUMIFS(店舗マスタ!$G$5:$G$304,店舗マスタ!$C$5:$C$304,$A35,店舗マスタ!$E$5:$E$304,"アルチビオ")) -> 0 | C35: =IF($A35="","",SUMIFS(店舗マスタ!$G$5:$G$304,店舗マスタ!$C$5:$C$304,$A35,店舗マスタ!$E$5:$E$304,"スタジオピッコーネ／ピッコーネクラブ")) -> 0 | D35: =IF($A35="","",SUMIFS(店舗マスタ!$G$5:$G$304,店舗マスタ!$C$5:$C$304,$A35,店舗マスタ!$E$5:$E$304,"ピッコーネ")) -> 2224545 | E35: =IF($A35="","",SUMIFS(店舗マスタ!$G$5:$G$304,店舗マスタ!$C$5:$C$304,$A35,店舗マスタ!$E$5:$E$304,"複合（アルチビオ＋ピッコーネ系）")) -> 0 | F35: =IF($A35="","",SUM(B35:E35)) -> 2224545 | G35: =IF($A35="","",SUMIFS(店舗マスタ!$H$5:$H$304,店舗マスタ!$C$5:$C$304,$A35)) -> 3200000 | H35: =IF($A35="","",IF(G35=0,"-",F35/G35)) -> 0.69517031 | I35: =IF($A35="","",SUMIFS(店舗マスタ!$I$5:$I$304,店舗マスタ!$C$5:$C$304,$A35)) -> 3080805 | J35: =IF($A35="","",IF(I35=0,"前年実績なし",F35/I35)) -> 0.72206615 | K35: =IF(OR($A35="",取込チェック!$K$3=0),"",SUMIFS(店舗マスタ!$P$5:$P$304,店舗マスタ!$C$5:$C$304,$A35)) -> 2102845 | L35: =IF(K35="","",F35-K35) -> 121700 | M35: =IF(L35="","",IF(F35=0,"-",L35/F35)) -> 0.054707817
A36: =IFERROR(INDEX(店舗マスタ!$C$5:$C$304,MATCH(32,店舗マスタ!$O$5:$O$304,0)),"") -> ながの東急百貨店 | B36: =IF($A36="","",SUMIFS(店舗マスタ!$G$5:$G$304,店舗マスタ!$C$5:$C$304,$A36,店舗マスタ!$E$5:$E$304,"アルチビオ")) -> 0 | C36: =IF($A36="","",SUMIFS(店舗マスタ!$G$5:$G$304,店舗マスタ!$C$5:$C$304,$A36,店舗マスタ!$E$5:$E$304,"スタジオピッコーネ／ピッコーネクラブ")) -> 2648700 | D36: =IF($A36="","",SUMIFS(店舗マスタ!$G$5:$G$304,店舗マスタ!$C$5:$C$304,$A36,店舗マスタ!$E$5:$E$304,"ピッコーネ")) -> 0 | E36: =IF($A36="","",SUMIFS(店舗マスタ!$G$5:$G$304,店舗マスタ!$C$5:$C$304,$A36,店舗マスタ!$E$5:$E$304,"複合（アルチビオ＋ピッコーネ系）")) -> 0 | F36: =IF($A36="","",SUM(B36:E36)) -> 2648700 | G36: =IF($A36="","",SUMIFS(店舗マスタ!$H$5:$H$304,店舗マスタ!$C$5:$C$304,$A36)) -> 3910000 | H36: =IF($A36="","",IF(G36=0,"-",F36/G36)) -> 0.67741688 | I36: =IF($A36="","",SUMIFS(店舗マスタ!$I$5:$I$304,店舗マスタ!$C$5:$C$304,$A36)) -> 3232800 | J36: =IF($A36="","",IF(I36=0,"前年実績なし",F36/I36)) -> 0.81932071 | K36: =IF(OR($A36="",取込チェック!$K$3=0),"",SUMIFS(店舗マスタ!$P$5:$P$304,店舗マスタ!$C$5:$C$304,$A36)) -> 2585700 | L36: =IF(K36="","",F36-K36) -> 63000 | M36: =IF(L36="","",IF(F36=0,"-",L36/F36)) -> 0.023785253
A37: =IFERROR(INDEX(店舗マスタ!$C$5:$C$304,MATCH(33,店舗マスタ!$O$5:$O$304,0)),"") -> 静岡伊勢丹 | B37: =IF($A37="","",SUMIFS(店舗マスタ!$G$5:$G$304,店舗マスタ!$C$5:$C$304,$A37,店舗マスタ!$E$5:$E$304,"アルチビオ")) -> 0 | C37: =IF($A37="","",SUMIFS(店舗マスタ!$G$5:$G$304,店舗マスタ!$C$5:$C$304,$A37,店舗マスタ!$E$5:$E$304,"スタジオピッコーネ／ピッコーネクラブ")) -> 1267300 | D37: =IF($A37="","",SUMIFS(店舗マスタ!$G$5:$G$304,店舗マスタ!$C$5:$C$304,$A37,店舗マスタ!$E$5:$E$304,"ピッコーネ")) -> 0 | E37: =IF($A37="","",SUMIFS(店舗マスタ!$G$5:$G$304,店舗マスタ!$C$5:$C$304,$A37,店舗マスタ!$E$5:$E$304,"複合（アルチビオ＋ピッコーネ系）")) -> 0 | F37: =IF($A37="","",SUM(B37:E37)) -> 1267300 | G37: =IF($A37="","",SUMIFS(店舗マスタ!$H$5:$H$304,店舗マスタ!$C$5:$C$304,$A37)) -> 1260000 | H37: =IF($A37="","",IF(G37=0,"-",F37/G37)) -> 1.0057937 | I37: =IF($A37="","",SUMIFS(店舗マスタ!$I$5:$I$304,店舗マスタ!$C$5:$C$304,$A37)) -> 910300 | J37: =IF($A37="","",IF(I37=0,"前年実績なし",F37/I37)) -> 1.3921784 | K37: =IF(OR($A37="",取込チェック!$K$3=0),"",SUMIFS(店舗マスタ!$P$5:$P$304,店舗マスタ!$C$5:$C$304,$A37)) -> 832100 | L37: =IF(K37="","",F37-K37) -> 435200 | M37: =IF(L37="","",IF(F37=0,"-",L37/F37)) -> 0.34340724
A38: =IFERROR(INDEX(店舗マスタ!$C$5:$C$304,MATCH(34,店舗マスタ!$O$5:$O$304,0)),"") -> 伊勢丹立川店 | B38: =IF($A38="","",SUMIFS(店舗マスタ!$G$5:$G$304,店舗マスタ!$C$5:$C$304,$A38,店舗マスタ!$E$5:$E$304,"アルチビオ")) -> 0 | C38: =IF($A38="","",SUMIFS(店舗マスタ!$G$5:$G$304,店舗マスタ!$C$5:$C$304,$A38,店舗マスタ!$E$5:$E$304,"スタジオピッコーネ／ピッコーネクラブ")) -> 1418275 | D38: =IF($A38="","",SUMIFS(店舗マスタ!$G$5:$G$304,店舗マスタ!$C$5:$C$304,$A38,店舗マスタ!$E$5:$E$304,"ピッコーネ")) -> 0 | E38: =IF($A38="","",SUMIFS(店舗マスタ!$G$5:$G$304,店舗マスタ!$C$5:$C$304,$A38,店舗マスタ!$E$5:$E$304,"複合（アルチビオ＋ピッコーネ系）")) -> 0 | F38: =IF($A38="","",SUM(B38:E38)) -> 1418275 | G38: =IF($A38="","",SUMIFS(店舗マスタ!$H$5:$H$304,店舗マスタ!$C$5:$C$304,$A38)) -> 2500000 | H38: =IF($A38="","",IF(G38=0,"-",F38/G38)) -> 0.56731 | I38: =IF($A38="","",SUMIFS(店舗マスタ!$I$5:$I$304,店舗マスタ!$C$5:$C$304,$A38)) -> 2424400 | J38: =IF($A38="","",IF(I38=0,"前年実績なし",F38/I38)) -> 0.58500041 | K38: =IF(OR($A38="",取込チェック!$K$3=0),"",SUMIFS(店舗マスタ!$P$5:$P$304,店舗マスタ!$C$5:$C$304,$A38)) -> 1380275 | L38: =IF(K38="","",F38-K38) -> 38000 | M38: =IF(L38="","",IF(F38=0,"-",L38/F38)) -> 0.026793111
A39: =IFERROR(INDEX(店舗マスタ!$C$5:$C$304,MATCH(35,店舗マスタ!$O$5:$O$304,0)),"") -> 東武宇都宮百貨店 | B39: =IF($A39="","",SUMIFS(店舗マスタ!$G$5:$G$304,店舗マスタ!$C$5:$C$304,$A39,店舗マスタ!$E$5:$E$304,"アルチビオ")) -> 0 | C39: =IF($A39="","",SUMIFS(店舗マスタ!$G$5:$G$304,店舗マスタ!$C$5:$C$304,$A39,店舗マスタ!$E$5:$E$304,"スタジオピッコーネ／ピッコーネクラブ")) -> 1843700 | D39: =IF($A39="","",SUMIFS(店舗マスタ!$G$5:$G$304,店舗マスタ!$C$5:$C$304,$A39,店舗マスタ!$E$5:$E$304,"ピッコーネ")) -> 0 | E39: =IF($A39="","",SUMIFS(店舗マスタ!$G$5:$G$304,店舗マスタ!$C$5:$C$304,$A39,店舗マスタ!$E$5:$E$304,"複合（アルチビオ＋ピッコーネ系）")) -> 0 | F39: =IF($A39="","",SUM(B39:E39)) -> 1843700 | G39: =IF($A39="","",SUMIFS(店舗マスタ!$H$5:$H$304,店舗マスタ!$C$5:$C$304,$A39)) -> 1450000 | H39: =IF($A39="","",IF(G39=0,"-",F39/G39)) -> 1.2715172 | I39: =IF($A39="","",SUMIFS(店舗マスタ!$I$5:$I$304,店舗マスタ!$C$5:$C$304,$A39)) -> 1179400 | J39: =IF($A39="","",IF(I39=0,"前年実績なし",F39/I39)) -> 1.5632525 | K39: =IF(OR($A39="",取込チェック!$K$3=0),"",SUMIFS(店舗マスタ!$P$5:$P$304,店舗マスタ!$C$5:$C$304,$A39)) -> 1540400 | L39: =IF(K39="","",F39-K39) -> 303300 | M39: =IF(L39="","",IF(F39=0,"-",L39/F39)) -> 0.16450616
A40: =IFERROR(INDEX(店舗マスタ!$C$5:$C$304,MATCH(36,店舗マスタ!$O$5:$O$304,0)),"") -> 高島屋大宮店 | B40: =IF($A40="","",SUMIFS(店舗マスタ!$G$5:$G$304,店舗マスタ!$C$5:$C$304,$A40,店舗マスタ!$E$5:$E$304,"アルチビオ")) -> 0 | C40: =IF($A40="","",SUMIFS(店舗マスタ!$G$5:$G$304,店舗マスタ!$C$5:$C$304,$A40,店舗マスタ!$E$5:$E$304,"スタジオピッコーネ／ピッコーネクラブ")) -> 627595 | D40: =IF($A40="","",SUMIFS(店舗マスタ!$G$5:$G$304,店舗マスタ!$C$5:$C$304,$A40,店舗マスタ!$E$5:$E$304,"ピッコーネ")) -> 0 | E40: =IF($A40="","",SUMIFS(店舗マスタ!$G$5:$G$304,店舗マスタ!$C$5:$C$304,$A40,店舗マスタ!$E$5:$E$304,"複合（アルチビオ＋ピッコーネ系）")) -> 0 | F40: =IF($A40="","",SUM(B40:E40)) -> 627595 | G40: =IF($A40="","",SUMIFS(店舗マスタ!$H$5:$H$304,店舗マスタ!$C$5:$C$304,$A40)) -> 1800000 | H40: =IF($A40="","",IF(G40=0,"-",F40/G40)) -> 0.34866389 | I40: =IF($A40="","",SUMIFS(店舗マスタ!$I$5:$I$304,店舗マスタ!$C$5:$C$304,$A40)) -> 0 | J40: =IF($A40="","",IF(I40=0,"前年実績なし",F40/I40)) -> 前年実績なし | K40: =IF(OR($A40="",取込チェック!$K$3=0),"",SUMIFS(店舗マスタ!$P$5:$P$304,店舗マスタ!$C$5:$C$304,$A40)) -> 449395 | L40: =IF(K40="","",F40-K40) -> 178200 | M40: =IF(L40="","",IF(F40=0,"-",L40/F40)) -> 0.28394108
A41: =IFERROR(INDEX(店舗マスタ!$C$5:$C$304,MATCH(37,店舗マスタ!$O$5:$O$304,0)),"") -> 那須ガーデンアウトレット店 | B41: =IF($A41="","",SUMIFS(店舗マスタ!$G$5:$G$304,店舗マスタ!$C$5:$C$304,$A41,店舗マスタ!$E$5:$E$304,"アルチビオ")) -> 1066595 | C41: =IF($A41="","",SUMIFS(店舗マスタ!$G$5:$G$304,店舗マスタ!$C$5:$C$304,$A41,店舗マスタ!$E$5:$E$304,"スタジオピッコーネ／ピッコーネクラブ")) -> 0 | D41: =IF($A41="","",SUMIFS(店舗マスタ!$G$5:$G$304,店舗マスタ!$C$5:$C$304,$A41,店舗マスタ!$E$5:$E$304,"ピッコーネ")) -> 0 | E41: =IF($A41="","",SUMIFS(店舗マスタ!$G$5:$G$304,店舗マスタ!$C$5:$C$304,$A41,店舗マスタ!$E$5:$E$304,"複合（アルチビオ＋ピッコーネ系）")) -> 0 | F41: =IF($A41="","",SUM(B41:E41)) -> 1066595 | G41: =IF($A41="","",SUMIFS(店舗マスタ!$H$5:$H$304,店舗マスタ!$C$5:$C$304,$A41)) -> 2600000 | H41: =IF($A41="","",IF(G41=0,"-",F41/G41)) -> 0.41022885 | I41: =IF($A41="","",SUMIFS(店舗マスタ!$I$5:$I$304,店舗マスタ!$C$5:$C$304,$A41)) -> 1845195 | J41: =IF($A41="","",IF(I41=0,"前年実績なし",F41/I41)) -> 0.57803918 | K41: =IF(OR($A41="",取込チェック!$K$3=0),"",SUMIFS(店舗マスタ!$P$5:$P$304,店舗マスタ!$C$5:$C$304,$A41)) -> -4655 | L41: =IF(K41="","",F41-K41) -> 1071250 | M41: =IF(L41="","",IF(F41=0,"-",L41/F41)) -> 1.0043644
A42: =IFERROR(INDEX(店舗マスタ!$C$5:$C$304,MATCH(38,店舗マスタ!$O$5:$O$304,0)),"") | B42: =IF($A42="","",SUMIFS(店舗マスタ!$G$5:$G$304,店舗マスタ!$C$5:$C$304,$A42,店舗マスタ!$E$5:$E$304,"アルチビオ")) | C42: =IF($A42="","",SUMIFS(店舗マスタ!$G$5:$G$304,店舗マスタ!$C$5:$C$304,$A42,店舗マスタ!$E$5:$E$304,"スタジオピッコーネ／ピッコーネクラブ")) | D42: =IF($A42="","",SUMIFS(店舗マスタ!$G$5:$G$304,店舗マスタ!$C$5:$C$304,$A42,店舗マスタ!$E$5:$E$304,"ピッコーネ")) | E42: =IF($A42="","",SUMIFS(店舗マスタ!$G$5:$G$304,店舗マスタ!$C$5:$C$304,$A42,店舗マスタ!$E$5:$E$304,"複合（アルチビオ＋ピッコーネ系）")) | F42: =IF($A42="","",SUM(B42:E42)) | G42: =IF($A42="","",SUMIFS(店舗マスタ!$H$5:$H$304,店舗マスタ!$C$5:$C$304,$A42)) | H42: =IF($A42="","",IF(G42=0,"-",F42/G42)) | I42: =IF($A42="","",SUMIFS(店舗マスタ!$I$5:$I$304,店舗マスタ!$C$5:$C$304,$A42)) | J42: =IF($A42="","",IF(I42=0,"前年実績なし",F42/I42)) | K42: =IF(OR($A42="",取込チェック!$K$3=0),"",SUMIFS(店舗マスタ!$P$5:$P$304,店舗マスタ!$C$5:$C$304,$A42)) | L42: =IF(K42="","",F42-K42) | M42: =IF(L42="","",IF(F42=0,"-",L42/F42))
A43: =IFERROR(INDEX(店舗マスタ!$C$5:$C$304,MATCH(39,店舗マスタ!$O$5:$O$304,0)),"") | B43: =IF($A43="","",SUMIFS(店舗マスタ!$G$5:$G$304,店舗マスタ!$C$5:$C$304,$A43,店舗マスタ!$E$5:$E$304,"アルチビオ")) | C43: =IF($A43="","",SUMIFS(店舗マスタ!$G$5:$G$304,店舗マスタ!$C$5:$C$304,$A43,店舗マスタ!$E$5:$E$304,"スタジオピッコーネ／ピッコーネクラブ")) | D43: =IF($A43="","",SUMIFS(店舗マスタ!$G$5:$G$304,店舗マスタ!$C$5:$C$304,$A43,店舗マスタ!$E$5:$E$304,"ピッコーネ")) | E43: =IF($A43="","",SUMIFS(店舗マスタ!$G$5:$G$304,店舗マスタ!$C$5:$C$304,$A43,店舗マスタ!$E$5:$E$304,"複合（アルチビオ＋ピッコーネ系）")) | F43: =IF($A43="","",SUM(B43:E43)) | G43: =IF($A43="","",SUMIFS(店舗マスタ!$H$5:$H$304,店舗マスタ!$C$5:$C$304,$A43)) | H43: =IF($A43="","",IF(G43=0,"-",F43/G43)) | I43: =IF($A43="","",SUMIFS(店舗マスタ!$I$5:$I$304,店舗マスタ!$C$5:$C$304,$A43)) | J43: =IF($A43="","",IF(I43=0,"前年実績なし",F43/I43)) | K43: =IF(OR($A43="",取込チェック!$K$3=0),"",SUMIFS(店舗マスタ!$P$5:$P$304,店舗マスタ!$C$5:$C$304,$A43)) | L43: =IF(K43="","",F43-K43) | M43: =IF(L43="","",IF(F43=0,"-",L43/F43))
A44: =IFERROR(INDEX(店舗マスタ!$C$5:$C$304,MATCH(40,店舗マスタ!$O$5:$O$304,0)),"") | B44: =IF($A44="","",SUMIFS(店舗マスタ!$G$5:$G$304,店舗マスタ!$C$5:$C$304,$A44,店舗マスタ!$E$5:$E$304,"アルチビオ")) | C44: =IF($A44="","",SUMIFS(店舗マスタ!$G$5:$G$304,店舗マスタ!$C$5:$C$304,$A44,店舗マスタ!$E$5:$E$304,"スタジオピッコーネ／ピッコーネクラブ")) | D44: =IF($A44="","",SUMIFS(店舗マスタ!$G$5:$G$304,店舗マスタ!$C$5:$C$304,$A44,店舗マスタ!$E$5:$E$304,"ピッコーネ")) | E44: =IF($A44="","",SUMIFS(店舗マスタ!$G$5:$G$304,店舗マスタ!$C$5:$C$304,$A44,店舗マスタ!$E$5:$E$304,"複合（アルチビオ＋ピッコーネ系）")) | F44: =IF($A44="","",SUM(B44:E44)) | G44: =IF($A44="","",SUMIFS(店舗マスタ!$H$5:$H$304,店舗マスタ!$C$5:$C$304,$A44)) | H44: =IF($A44="","",IF(G44=0,"-",F44/G44)) | I44: =IF($A44="","",SUMIFS(店舗マスタ!$I$5:$I$304,店舗マスタ!$C$5:$C$304,$A44)) | J44: =IF($A44="","",IF(I44=0,"前年実績なし",F44/I44)) | K44: =IF(OR($A44="",取込チェック!$K$3=0),"",SUMIFS(店舗マスタ!$P$5:$P$304,店舗マスタ!$C$5:$C$304,$A44)) | L44: =IF(K44="","",F44-K44) | M44: =IF(L44="","",IF(F44=0,"-",L44/F44))
A45: =IFERROR(INDEX(店舗マスタ!$C$5:$C$304,MATCH(41,店舗マスタ!$O$5:$O$304,0)),"") | B45: =IF($A45="","",SUMIFS(店舗マスタ!$G$5:$G$304,店舗マスタ!$C$5:$C$304,$A45,店舗マスタ!$E$5:$E$304,"アルチビオ")) | C45: =IF($A45="","",SUMIFS(店舗マスタ!$G$5:$G$304,店舗マスタ!$C$5:$C$304,$A45,店舗マスタ!$E$5:$E$304,"スタジオピッコーネ／ピッコーネクラブ")) | D45: =IF($A45="","",SUMIFS(店舗マスタ!$G$5:$G$304,店舗マスタ!$C$5:$C$304,$A45,店舗マスタ!$E$5:$E$304,"ピッコーネ")) | E45: =IF($A45="","",SUMIFS(店舗マスタ!$G$5:$G$304,店舗マスタ!$C$5:$C$304,$A45,店舗マスタ!$E$5:$E$304,"複合（アルチビオ＋ピッコーネ系）")) | F45: =IF($A45="","",SUM(B45:E45)) | G45: =IF($A45="","",SUMIFS(店舗マスタ!$H$5:$H$304,店舗マスタ!$C$5:$C$304,$A45)) | H45: =IF($A45="","",IF(G45=0,"-",F45/G45)) | I45: =IF($A45="","",SUMIFS(店舗マスタ!$I$5:$I$304,店舗マスタ!$C$5:$C$304,$A45)) | J45: =IF($A45="","",IF(I45=0,"前年実績なし",F45/I45)) | K45: =IF(OR($A45="",取込チェック!$K$3=0),"",SUMIFS(店舗マスタ!$P$5:$P$304,店舗マスタ!$C$5:$C$304,$A45)) | L45: =IF(K45="","",F45-K45) | M45: =IF(L45="","",IF(F45=0,"-",L45/F45))
A46: =IFERROR(INDEX(店舗マスタ!$C$5:$C$304,MATCH(42,店舗マスタ!$O$5:$O$304,0)),"") | B46: =IF($A46="","",SUMIFS(店舗マスタ!$G$5:$G$304,店舗マスタ!$C$5:$C$304,$A46,店舗マスタ!$E$5:$E$304,"アルチビオ")) | C46: =IF($A46="","",SUMIFS(店舗マスタ!$G$5:$G$304,店舗マスタ!$C$5:$C$304,$A46,店舗マスタ!$E$5:$E$304,"スタジオピッコーネ／ピッコーネクラブ")) | D46: =IF($A46="","",SUMIFS(店舗マスタ!$G$5:$G$304,店舗マスタ!$C$5:$C$304,$A46,店舗マスタ!$E$5:$E$304,"ピッコーネ")) | E46: =IF($A46="","",SUMIFS(店舗マスタ!$G$5:$G$304,店舗マスタ!$C$5:$C$304,$A46,店舗マスタ!$E$5:$E$304,"複合（アルチビオ＋ピッコーネ系）")) | F46: =IF($A46="","",SUM(B46:E46)) | G46: =IF($A46="","",SUMIFS(店舗マスタ!$H$5:$H$304,店舗マスタ!$C$5:$C$304,$A46)) | H46: =IF($A46="","",IF(G46=0,"-",F46/G46)) | I46: =IF($A46="","",SUMIFS(店舗マスタ!$I$5:$I$304,店舗マスタ!$C$5:$C$304,$A46)) | J46: =IF($A46="","",IF(I46=0,"前年実績なし",F46/I46)) | K46: =IF(OR($A46="",取込チェック!$K$3=0),"",SUMIFS(店舗マスタ!$P$5:$P$304,店舗マスタ!$C$5:$C$304,$A46)) | L46: =IF(K46="","",F46-K46) | M46: =IF(L46="","",IF(F46=0,"-",L46/F46))
A47: ="合計（"&COUNTIF(A5:A46,"?*")&"施設）" -> 合計（37施設） | B47: =SUM(B5:B46) -> 21514701 | C47: =SUM(C5:C46) -> 58463370 | D47: =SUM(D5:D46) -> 16191756 | E47: =SUM(E5:E46) -> 13968177 | F47: =SUM(F5:F46) -> 110138004 | G47: =SUM(G5:G46) -> 131627000 | H47: =IF(G47=0,"-",F47/G47) -> 0.83674325 | I47: =SUM(I5:I46) -> 112449780 | J47: =IF(I47=0,"-",F47/I47) -> 0.9794417 | K47: =SUM(K5:K46) -> 88214614 | L47: =SUM(L5:L46) -> 21923390 | M47: =IF(F47=0,"-",L47/F47) -> 0.19905382
A49: ※ 太字の施設は複数ブランドを持つ施設。ブランド列の「-」は該当なし。

Sheet 元データ_PB合計
A1: 店舗 | B1: 指定月 【前年同月 2025/09】 | I1: 詳細
B2: 売上金額 | C2: 予算情報及び対比 | F2: 前年同月情報及び対比
C3: 予算金額 | D3: 達成率 | E3: 差額 | F3: 前年売上金額 | G3: 前年対比 | H3: 前年差額
A4: (32580900)阪急三番街店ピッコーネ | B4: 6773261 | C4: 3500000 | D4: 193.5 | E4: 3273261 | F4: 2378787 | G4: 284.7 | H4: 4394474
A5: (32573700)近鉄百貨店上本町店ｽﾀｼﾞｵﾋﾟｯｺｰﾈ・ﾋﾟｯｺｰﾈｸﾗﾌ | B5: 2637800 | C5: 1950000 | D5: 135.3 | E5: 687800 | F5: 1931500 | G5: 136.6 | H5: 706300
A6: (32676200)東武宇都宮百貨店ｽﾀｼﾞｵﾋﾟｯｺｰﾈ・ﾋﾟｯｺｰﾈｸﾗﾌﾞ | B6: 1843700 | C6: 1450000 | D6: 127.2 | E6: 393700 | F6: 1179400 | G6: 156.3 | H6: 664300
A7: (32676300)新宿高島屋ｽﾀｼﾞｵﾋﾟｯｺｰﾈ・ﾋﾟｯｺｰﾈｸﾗﾌﾞ | B7: 3285560 | C7: 2600000 | D7: 126.4 | E7: 685560 | F7: 2608290 | G7: 126 | H7: 677270
A8: (32580600)ラポルテ芦屋店ピッコーネ | B8: 3138950 | C8: 2500000 | D8: 125.6 | E8: 638950 | F8: 2031171 | G8: 154.5 | H8: 1107779
A9: (32670600)高島屋新宿店アルチビオ | B9: 2991974 | C9: 2571000 | D9: 116.4 | E9: 420974 | F9: 2496485 | G9: 119.8 | H9: 495489
A10: (32673500)日本橋三越本店アルチビオ | B10: 3069240 | C10: 2691000 | D10: 114.1 | E10: 378240 | F10: 2647100 | G10: 115.9 | H10: 422140
A11: (32674100)東武百貨店船橋店ｽﾀｼﾞｵﾋﾟｯｺｰﾈ・ﾋﾟｯｺｰﾈｸﾗﾌﾞ | B11: 2155045 | C11: 1923000 | D11: 112.1 | E11: 232045 | F11: 1662095 | G11: 129.7 | H11: 492950
A12: (32570700)西宮阪急店ピッコーネクラブ・アルチビオ | B12: 3113117 | C12: 2820000 | D12: 110.4 | E12: 293117 | F12: 1836100 | G12: 169.6 | H12: 1277017
A13: (32573800)近鉄百貨店奈良店ｽﾀｼﾞｵﾋﾟｯｺｰﾈ・ﾋﾟｯｺｰﾈｸﾗﾌﾞ | B13: 3204200 | C13: 3150000 | D13: 101.7 | E13: 54200 | F13: 3186800 | G13: 100.5 | H13: 17400
A14: (32575700)名古屋三越栄店スタジオピッコーネ | B14: 4266900 | C14: 4200000 | D14: 101.6 | E14: 66900 | F14: 4153200 | G14: 102.7 | H14: 113700
A15: (32674500)仙台三越ｽﾀｼﾞｵﾋﾟｯｺｰﾈ・ﾋﾟｯｺｰﾈｸﾗﾌﾞ | B15: 1266300 | C15: 1250000 | D15: 101.3 | E15: 16300 | F15: 948000 | G15: 133.6 | H15: 318300
... A48: 合計 | B48: 110138004 | C48: 131627000 | D48: 83.7 | E48: -21488996 | F48: 112449780 | G48: 97.9 | H48: -2311776

Sheet 元データ_P
A1: 店舗 | B1: 指定月 【前年同月 2025/09】 | I1: 詳細
B2: 売上金額 | C2: 予算情報及び対比 | F2: 前年同月情報及び対比
C3: 予算金額 | D3: 達成率 | E3: 差額 | F3: 前年売上金額 | G3: 前年対比 | H3: 前年差額
A4: (32573700)近鉄百貨店上本町店ｽﾀｼﾞｵﾋﾟｯｺｰﾈ・ﾋﾟｯｺｰﾈｸﾗﾌ | B4: 2566400 | C4: 1950000 | D4: 131.6 | E4: 616400 | F4: 1559100 | G4: 164.6 | H4: 1007300
A5: (32676300)新宿高島屋ｽﾀｼﾞｵﾋﾟｯｺｰﾈ・ﾋﾟｯｺｰﾈｸﾗﾌﾞ | B5: 3285560 | C5: 2600000 | D5: 126.4 | E5: 685560 | F5: 2162590 | G5: 151.9 | H5: 1122970
A6: (32676200)東武宇都宮百貨店ｽﾀｼﾞｵﾋﾟｯｺｰﾈ・ﾋﾟｯｺｰﾈｸﾗﾌﾞ | B6: 1540400 | C6: 1450000 | D6: 106.2 | E6: 90400 | F6: 988000 | G6: 155.9 | H6: 552400
A7: (32674100)東武百貨店船橋店ｽﾀｼﾞｵﾋﾟｯｺｰﾈ・ﾋﾟｯｺｰﾈｸﾗﾌﾞ | B7: 2039545 | C7: 1923000 | D7: 106.1 | E7: 116545 | F7: 1484495 | G7: 137.4 | H7: 555050
A8: (32673500)日本橋三越本店アルチビオ | B8: 2845200 | C8: 2691000 | D8: 105.7 | E8: 154200 | F8: 2619200 | G8: 108.6 | H8: 226000
A9: (32670600)高島屋新宿店アルチビオ | B9: 2613574 | C9: 2571000 | D9: 101.7 | E9: 42574 | F9: 2460585 | G9: 106.2 | H9: 152989
A10: (32674500)仙台三越ｽﾀｼﾞｵﾋﾟｯｺｰﾈ・ﾋﾟｯｺｰﾈｸﾗﾌﾞ | B10: 1266300 | C10: 1250000 | D10: 101.3 | E10: 16300 | F10: 921000 | G10: 137.5 | H10: 345300
A11: (32575700)名古屋三越栄店スタジオピッコーネ | B11: 4185000 | C11: 4200000 | D11: 99.6 | E11: -15000 | F11: 3953300 | G11: 105.9 | H11: 231700
A12: (32673300)松屋銀座本店ｽﾀｼﾞｵﾋﾟｯｺｰﾈ・ﾋﾟｯｺｰﾈｸﾗﾌﾞ | B12: 2938030 | C12: 3050000 | D12: 96.3 | E12: -111970 | F12: 2786545 | G12: 105.4 | H12: 151485
A13: (32670900)東武百貨店池袋店ｽﾀｼﾞｵﾋﾟｯｺｰﾈ・ﾋﾟｯｺｰﾈｸﾗﾌﾞ | B13: 5052300 | C13: 5370000 | D13: 94.1 | E13: -317700 | F13: 4861700 | G13: 103.9 | H13: 190600
A14: (32570100)高島屋大阪店アルチビオ | B14: 1959835 | C14: 2150000 | D14: 91.2 | E14: -190165 | F14: 1916000 | G14: 102.3 | H14: 43835
A15: (32671900)松坂屋上野店ｽﾀｼﾞｵﾋﾟｯｺｰﾈ・ﾋﾟｯｺｰﾈｸﾗﾌﾞ | B15: 1797020 | C15: 2050000 | D15: 87.7 | E15: -252980 | F15: 1826860 | G15: 98.4 | H15: -29840
... A48: 合計 | B48: 88214614 | C48: 131627000 | D48: 67 | E48: -43412386 | F48: 97453694 | G48: 90.5 | H48: -9239080

Sheet 元データ_B
A1: 店舗 | B1: 指定月 【前年同月 2025/09】 | I1: 詳細
B2: 売上金額 | C2: 予算情報及び対比 | F2: 前年同月情報及び対比
C3: 予算金額 | D3: 達成率 | E3: 差額 | F3: 前年売上金額 | G3: 前年対比 | H3: 前年差額
A4: (32570100)高島屋大阪店アルチビオ | B4: 88730 | C4: 0 | D4: 0 | E4: 88730 | F4: 182500 | G4: 48.6 | H4: -93770
A5: (32570700)西宮阪急店ピッコーネクラブ・アルチビオ | B5: 850860 | C5: 0 | D5: 0 | E5: 850860 | F5: 375800 | G5: 226.4 | H5: 475060
A6: (32570800)高島屋京都店アルチビオ・ピッコーネクラブ | B6: 806260 | C6: 0 | D6: 0 | E6: 806260 | F6: 712680 | G6: 113.1 | H6: 93580
A7: (32571600)ジェイアール名古屋タカシマヤ店アルチビオ | B7: 467190 | C7: 0 | D7: 0 | E7: 467190 | F7: 213380 | G7: 218.9 | H7: 253810
A8: (32572200)松坂屋名古屋店アルチビオ・ピッコーネクラ | B8: 1062930 | C8: 0 | D8: 0 | E8: 1062930 | F8: 1011060 | G8: 105.1 | H8: 51870
A9: (32572600)大丸福岡天神店ｽﾀｼﾞｵﾋﾟｯｺｰﾈ・ﾋﾟｯｺｰﾈｸﾗﾌﾞ | B9: 401700 | C9: 0 | D9: 0 | E9: 401700 | F9: 203300 | G9: 197.6 | H9: 198400
A10: (32573300)あべのハルカス近鉄本店アルチビオ・ピッコ | B10: 488340 | C10: 0 | D10: 0 | E10: 488340 | F10: 211000 | G10: 231.4 | H10: 277340
A11: (32573400)近鉄百貨店和歌山店ｽﾀｼﾞｵﾋﾟｯｺｰﾈ・ﾋﾟｯｺｰﾈｸﾗﾌ | B11: 130400 | C11: 0 | D11: 0 | E11: 130400 | F11: 257700 | G11: 50.6 | H11: -127300
A12: (32573700)近鉄百貨店上本町店ｽﾀｼﾞｵﾋﾟｯｺｰﾈ・ﾋﾟｯｺｰﾈｸﾗﾌ | B12: 71400 | C12: 0 | D12: 0 | E12: 71400 | F12: 372400 | G12: 19.2 | H12: -301000
A13: (32573800)近鉄百貨店奈良店ｽﾀｼﾞｵﾋﾟｯｺｰﾈ・ﾋﾟｯｺｰﾈｸﾗﾌﾞ | B13: 665530 | C13: 0 | D13: 0 | E13: 665530 | F13: 258400 | G13: 257.6 | H13: 407130
A14: (32573900)近鉄百貨店橿原店スタジオピッコーネ | B14: 705400 | C14: 0 | D14: 0 | E14: 705400 | F14: 416400 | G14: 169.4 | H14: 289000
A15: (32574100)広島三越店スタジオピッコーネ | B15: 368000 | C15: 0 | D15: 0 | E15: 368000 | F15: 116100 | G15: 317 | H15: 251900
... A43: 合計 | B43: 21923390 | C43: 0 | D43: 0 | E43: 21923390 | F43: 14327986 | G43: 153 | H43: 7595404

Sheet 店舗マスタ
A1: 店舗マスタ
A2: 黄色の列（店舗コード・施設名・取扱ブランド・ブランド系統）だけ入力します。新店は空いている行に追加。灰色の列は自動計算なので編集不要です。
A4: No | B4: 店舗コード | C4: 施設・店舗名 | D4: 取扱ブランド | E4: ブランド系統 | F4: 今月データ | G4: PB売上 | H4: 予算 | I4: PB前年売上 | J4: 達成率 | K4: 系統内順位 | L4: 明細キー | M4: 施設初出 | N4: 施設最小コード | O4: 施設順位 | P4: P売上 | Q4: P前年売上 | R4: B売上(PB-P) | S4: B前年売上(PB-P) | U4: 【入力ルール】
A5: =IF(B5="","",ROW()-4) -> 1 | B5: 32570100 | C5: 高島屋大阪店 | D5: アルチビオ | E5: アルチビオ | F5: =IF(B5="","",IF(COUNTIF(取込チェック!$C$6:$C$505,B5)>0,1,0)) -> 1 | G5: =IF(B5="","",SUMIF(取込チェック!$C$6:$C$505,B5,取込チェック!$D$6:$D$505)) -> 2048565 | H5: =IF(B5="","",SUMIF(取込チェック!$C$6:$C$505,B5,取込チェック!$E$6:$E$505)) -> 2150000 | I5: =IF(B5="","",SUMIF(取込チェック!$C$6:$C$505,B5,取込チェック!$F$6:$F$505)) -> 2098500 | J5: =IF(F5<>1,"",IF(H5=0,"-",G5/H5)) -> 0.95282093 | K5: =IF(F5<>1,"",COUNTIFS($E$5:$E$304,E5,$F$5:$F$304,1,$B$5:$B$304,"<"&B5)+1) -> 1 | L5: =IF(K5="","",E5&"|"&K5) -> アルチビオ|1 | M5: =IF(F5<>1,"",IF(COUNTIFS($C$5:C5,C5,$F$5:F5,1)=1,1,0)) -> 1 | N5: =IF(M5<>1,"",_xlfn.MINIFS($B$5:$B$304,$C$5:$C$304,C5,$F$5:$F$304,1)) -> 32570100 | O5: =IF(M5<>1,"",COUNTIFS($M$5:$M$304,1,$N$5:$N$304,"<"&N5)+1) -> 1 | P5: =IF(OR(B5="",取込チェック!$K$3=0),"",SUMIF(取込チェック!$K$6:$K$505,B5,取込チェック!$L$6:$L$505)) -> 1959835 | Q5: =IF(OR(B5="",取込チェック!$K$3=0),"",SUMIF(取込チェック!$K$6:$K$505,B5,取込チェック!$M$6:$M$505)) -> 1916000 | R5: =IF(P5="","",G5-P5) -> 88730 | S5: =IF(Q5="","",I5-Q5) -> 182500 | U5: ・店舗コードは数字のみ（括弧なし）で入力。
A6: =IF(B6="","",ROW()-4) -> 2 | B6: 32571600 | C6: ジェイアール名古屋タカシマヤ店 | D6: アルチビオ | E6: アルチビオ | F6: =IF(B6="","",IF(COUNTIF(取込チェック!$C$6:$C$505,B6)>0,1,0)) -> 1 | G6: =IF(B6="","",SUMIF(取込チェック!$C$6:$C$505,B6,取込チェック!$D$6:$D$505)) -> 3250690 | H6: =IF(B6="","",SUMIF(取込チェック!$C$6:$C$505,B6,取込チェック!$E$6:$E$505)) -> 3681000 | I6: =IF(B6="","",SUMIF(取込チェック!$C$6:$C$505,B6,取込チェック!$F$6:$F$505)) -> 3216380 | J6: =IF(F6<>1,"",IF(H6=0,"-",G6/H6)) -> 0.8830997 | K6: =IF(F6<>1,"",COUNTIFS($E$5:$E$304,E6,$F$5:$F$304,1,$B$5:$B$304,"<"&B6)+1) -> 2 | L6: =IF(K6="","",E6&"|"&K6) -> アルチビオ|2 | M6: =IF(F6<>1,"",IF(COUNTIFS($C$5:C6,C6,$F$5:F6,1)=1,1,0)) -> 1 | N6: =IF(M6<>1,"",_xlfn.MINIFS($B$5:$B$304,$C$5:$C$304,C6,$F$5:$F$304,1)) -> 32571600 | O6: =IF(M6<>1,"",COUNTIFS($M$5:$M$304,1,$N$5:$N$304,"<"&N6)+1) -> 4 | P6: =IF(OR(B6="",取込チェック!$K$3=0),"",SUMIF(取込チェック!$K$6:$K$505,B6,取込チェック!$L$6:$L$505)) -> 2783500 | Q6: =IF(OR(B6="",取込チェック!$K$3=0),"",SUMIF(取込チェック!$K$6:$K$505,B6,取込チェック!$M$6:$M$505)) -> 3003000 | R6: =IF(P6="","",G6-P6) -> 467190 | S6: =IF(Q6="","",I6-Q6) -> 213380 | U6: ・施設名が同じ店舗は「施設別」シートで1行にまとまります（表記を揃えること）。
A7: =IF(B7="","",ROW()-4) -> 3 | B7: 32580400 | C7: ハービスPLAZA店 | D7: アルチビオ | E7: アルチビオ | F7: =IF(B7="","",IF(COUNTIF(取込チェック!$C$6:$C$505,B7)>0,1,0)) -> 1 | G7: =IF(B7="","",SUMIF(取込チェック!$C$6:$C$505,B7,取込チェック!$D$6:$D$505)) -> 2922845 | H7: =IF(B7="","",SUMIF(取込チェック!$C$6:$C$505,B7,取込チェック!$E$6:$E$505)) -> 3613000 | I7: =IF(B7="","",SUMIF(取込チェック!$C$6:$C$505,B7,取込チェック!$F$6:$F$505)) -> 3478940 | J7: =IF(F7<>1,"",IF(H7=0,"-",G7/H7)) -> 0.80898007 | K7: =IF(F7<>1,"",COUNTIFS($E$5:$E$304,E7,$F$5:$F$304,1,$B$5:$B$304,"<"&B7)+1) -> 3 | L7: =IF(K7="","",E7&"|"&K7) -> アルチビオ|3 | M7: =IF(F7<>1,"",IF(COUNTIFS($C$5:C7,C7,$F$5:F7,1)=1,1,0)) -> 1 | N7: =IF(M7<>1,"",_xlfn.MINIFS($B$5:$B$304,$C$5:$C$304,C7,$F$5:$F$304,1)) -> 32580400 | O7: =IF(M7<>1,"",COUNTIFS($M$5:$M$304,1,$N$5:$N$304,"<"&N7)+1) -> 14 | P7: =IF(OR(B7="",取込チェック!$K$3=0),"",SUMIF(取込チェック!$K$6:$K$505,B7,取込チェック!$L$6:$L$505)) -> 1946845 | Q7: =IF(OR(B7="",取込チェック!$K$3=0),"",SUMIF(取込チェック!$K$6:$K$505,B7,取込チェック!$M$6:$M$505)) -> 1717190 | R7: =IF(P7="","",G7-P7) -> 976000 | S7: =IF(Q7="","",I7-Q7) -> 1761750 | U7: ・ブランド系統はプルダウンから選択（4種類）。
A8: =IF(B8="","",ROW()-4) -> 4 | B8: 32581000 | C8: 堀江店 | D8: アルチビオ | E8: アルチビオ | F8: =IF(B8="","",IF(COUNTIF(取込チェック!$C$6:$C$505,B8)>0,1,0)) -> 1 | G8: =IF(B8="","",SUMIF(取込チェック!$C$6:$C$505,B8,取込チェック!$D$6:$D$505)) -> 1572240 | H8: =IF(B8="","",SUMIF(取込チェック!$C$6:$C$505,B8,取込チェック!$E$6:$E$505)) -> 2787000 | I8: =IF(B8="","",SUMIF(取込チェック!$C$6:$C$505,B8,取込チェック!$F$6:$F$505)) -> 2688196 | J8: =IF(F8<>1,"",IF(H8=0,"-",G8/H8)) -> 0.56413348 | K8: =IF(F8<>1,"",COUNTIFS($E$5:$E$304,E8,$F$5:$F$304,1,$B$5:$B$304,"<"&B8)+1) -> 4 | L8: =IF(K8="","",E8&"|"&K8) -> アルチビオ|4 | M8: =IF(F8<>1,"",IF(COUNTIFS($C$5:C8,C8,$F$5:F8,1)=1,1,0)) -> 1 | N8: =IF(M8<>1,"",_xlfn.MINIFS($B$5:$B$304,$C$5:$C$304,C8,$F$5:$F$304,1)) -> 32581000 | O8: =IF(M8<>1,"",COUNTIFS($M$5:$M$304,1,$N$5:$N$304,"<"&N8)+1) -> 18 | P8: =IF(OR(B8="",取込チェック!$K$3=0),"",SUMIF(取込チェック!$K$6:$K$505,B8,取込チェック!$L$6:$L$505)) -> 659140 | Q8: =IF(OR(B8="",取込チェック!$K$3=0),"",SUMIF(取込チェック!$K$6:$K$505,B8,取込チェック!$M$6:$M$505)) -> 1676126 | R8: =IF(P8="","",G8-P8) -> 913100 | S8: =IF(Q8="","",I8-Q8) -> 1012070 | U8: ・閉店した店舗は消さずに残しても問題ありません（データがない月は明細に出ません）。
A9: =IF(B9="","",ROW()-4) -> 5 | B9: 32670600 | C9: 高島屋新宿店 | D9: アルチビオ | E9: アルチビオ | F9: =IF(B9="","",IF(COUNTIF(取込チェック!$C$6:$C$505,B9)>0,1,0)) -> 1 | G9: =IF(B9="","",SUMIF(取込チェック!$C$6:$C$505,B9,取込チェック!$D$6:$D$505)) -> 2991974 | H9: =IF(B9="","",SUMIF(取込チェック!$C$6:$C$505,B9,取込チェック!$E$6:$E$505)) -> 2571000 | I9: =IF(B9="","",SUMIF(取込チェック!$C$6:$C$505,B9,取込チェック!$F$6:$F$505)) -> 2496485 | J9: =IF(F9<>1,"",IF(H9=0,"-",G9/H9)) -> 1.1637394 | K9: =IF(F9<>1,"",COUNTIFS($E$5:$E$304,E9,$F$5:$F$304,1,$B$5:$B$304,"<"&B9)+1) -> 5 | L9: =IF(K9="","",E9&"|"&K9) -> アルチビオ|5 | M9: =IF(F9<>1,"",IF(COUNTIFS($C$5:C9,C9,$F$5:F9,1)=1,1,0)) -> 1 | N9: =IF(M9<>1,"",_xlfn.MINIFS($B$5:$B$304,$C$5:$C$304,C9,$F$5:$F$304,1)) -> 32670600 | O9: =IF(M9<>1,"",COUNTIFS($M$5:$M$304,1,$N$5:$N$304,"<"&N9)+1) -> 21 | P9: =IF(OR(B9="",取込チェック!$K$3=0),"",SUMIF(取込チェック!$K$6:$K$505,B9,取込チェック!$L$6:$L$505)) -> 2613574 | Q9: =IF(OR(B9="",取込チェック!$K$3=0),"",SUMIF(取込チェック!$K$6:$K$505,B9,取込チェック!$M$6:$M$505)) -> 2460585 | R9: =IF(P9="","",G9-P9) -> 378400 | S9: =IF(Q9="","",I9-Q9) -> 35900 | U9: ・B売上／B前年売上は「PB合計 − P」で計算（Bシートは当月B売上のない店舗が出力されないため）。
A10: =IF(B10="","",ROW()-4) -> 6 | B10: 32673500 | C10: 日本橋三越本店 | D10: アルチビオ | E10: アルチビオ | F10: =IF(B10="","",IF(COUNTIF(取込チェック!$C$6:$C$505,B10)>0,1,0)) -> 1 | G10: =IF(B10="","",SUMIF(取込チェック!$C$6:$C$505,B10,取込チェック!$D$6:$D$505)) -> 3069240 | H10: =IF(B10="","",SUMIF(取込チェック!$C$6:$C$505,B10,取込チェック!$E$6:$E$505)) -> 2691000 | I10: =IF(B10="","",SUMIF(取込チェック!$C$6:$C$505,B10,取込チェック!$F$6:$F$505)) -> 2647100 | J10: =IF(F10<>1,"",IF(H10=0,"-",G10/H10)) -> 1.1405574 | K10: =IF(F10<>1,"",COUNTIFS($E$5:$E$304,E10,$F$5:$F$304,1,$B$5:$B$304,"<"&B10)+1) -> 6 | L10: =IF(K10="","",E10&"|"&K10) -> アルチビオ|6 | M10: =IF(F10<>1,"",IF(COUNTIFS($C$5:C10,C10,$F$5:F10,1)=1,1,0)) -> 1 | N10: =IF(M10<>1,"",_xlfn.MINIFS($B$5:$B$304,$C$5:$C$304,C10,$F$5:$F$304,1)) -> 32671400 | O10: =IF(M10<>1,"",COUNTIFS($M$5:$M$304,1,$N$5:$N$304,"<"&N10)+1) -> 23 | P10: =IF(OR(B10="",取込チェック!$K$3=0),"",SUMIF(取込チェック!$K$6:$K$505,B10,取込チェック!$L$6:$L$505)) -> 2845200 | Q10: =IF(OR(B10="",取込チェック!$K$3=0),"",SUMIF(取込チェック!$K$6:$K$505,B10,取込チェック!$M$6:$M$505)) -> 2619200 | R10: =IF(P10="","",G10-P10) -> 224040 | S10: =IF(Q10="","",I10-Q10) -> 27900
A11: =IF(B11="","",ROW()-4) -> 7 | B11: 32673800 | C11: 高島屋横浜店 | D11: アルチビオ | E11: アルチビオ | F11: =IF(B11="","",IF(COUNTIF(取込チェック!$C$6:$C$505,B11)>0,1,0)) -> 1 | G11: =IF(B11="","",SUMIF(取込チェック!$C$6:$C$505,B11,取込チェック!$D$6:$D$505)) -> 1579789 | H11: =IF(B11="","",SUMIF(取込チェック!$C$6:$C$505,B11,取込チェック!$E$6:$E$505)) -> 1900000 | I11: =IF(B11="","",SUMIF(取込チェック!$C$6:$C$505,B11,取込チェック!$F$6:$F$505)) -> 1483030 | J11: =IF(F11<>1,"",IF(H11=0,"-",G11/H11)) -> 0.83146789 | K11: =IF(F11<>1,"",COUNTIFS($E$5:$E$304,E11,$F$5:$F$304,1,$B$5:$B$304,"<"&B11)+1) -> 7 | L11: =IF(K11="","",E11&"|"&K11) -> アルチビオ|7 | M11: =IF(F11<>1,"",IF(COUNTIFS($C$5:C11,C11,$F$5:F11,1)=1,1,0)) -> 1 | N11: =IF(M11<>1,"",_xlfn.MINIFS($B$5:$B$304,$C$5:$C$304,C11,$F$5:$F$304,1)) -> 32670200 | O11: =IF(M11<>1,"",COUNTIFS($M$5:$M$304,1,$N$5:$N$304,"<"&N11)+1) -> 19 | P11: =IF(OR(B11="",取込チェック!$K$3=0),"",SUMIF(取込チェック!$K$6:$K$505,B11,取込チェック!$L$6:$L$505)) -> 1123189 | Q11: =IF(OR(B11="",取込チェック!$K$3=0),"",SUMIF(取込チェック!$K$6:$K$505,B11,取込チェック!$M$6:$M$505)) -> 1314530 | R11: =IF(P11="","",G11-P11) -> 456600 | S11: =IF(Q11="","",I11-Q11) -> 168500
A12: =IF(B12="","",ROW()-4) -> 8 | B12: 32673900 | C12: 高島屋高崎店 | D12: アルチビオ | E12: アルチビオ | F12: =IF(B12="","",IF(COUNTIF(取込チェック!$C$6:$C$505,B12)>0,1,0)) -> 1 | G12: =IF(B12="","",SUMIF(取込チェック!$C$6:$C$505,B12,取込チェック!$D$6:$D$505)) -> 1117980 | H12: =IF(B12="","",SUMIF(取込チェック!$C$6:$C$505,B12,取込チェック!$E$6:$E$505)) -> 1249000 | I12: =IF(B12="","",SUMIF(取込チェック!$C$6:$C$505,B12,取込チェック!$F$6:$F$505)) -> 1132140 | J12: =IF(F12<>1,"",IF(H12=0,"-",G12/H12)) -> 0.89510008 | K12: =IF(F12<>1,"",COUNTIFS($E$5:$E$304,E12,$F$5:$F$304,1,$B$5:$B$304,"<"&B12)+1) -> 8 | L12: =IF(K12="","",E12&"|"&K12) -> アルチビオ|8 | M12: =IF(F12<>1,"",IF(COUNTIFS($C$5:C12,C12,$F$5:F12,1)=1,1,0)) -> 1 | N12: =IF(M12<>1,"",_xlfn.MINIFS($B$5:$B$304,$C$5:$C$304,C12,$F$5:$F$304,1)) -> 32670400 | O12: =IF(M12<>1,"",COUNTIFS($M$5:$M$304,1,$N$5:$N$304,"<"&N12)+1) -> 20 | P12: =IF(OR(B12="",取込チェック!$K$3=0),"",SUMIF(取込チェック!$K$6:$K$505,B12,取込チェック!$L$6:$L$505)) -> 880280 | Q12: =IF(OR(B12="",取込チェック!$K$3=0),"",SUMIF(取込チェック!$K$6:$K$505,B12,取込チェック!$M$6:$M$505)) -> 994940 | R12: =IF(P12="","",G12-P12) -> 237700 | S12: =IF(Q12="","",I12-Q12) -> 137200
A13: =IF(B13="","",ROW()-4) -> 9 | B13: 32674400 | C13: 伊勢丹浦和店 | D13: アルチビオ | E13: アルチビオ | F13: =IF(B13="","",IF(COUNTIF(取込チェック!$C$6:$C$505,B13)>0,1,0)) -> 1 | G13: =IF(B13="","",SUMIF(取込チェック!$C$6:$C$505,B13,取込チェック!$D$6:$D$505)) -> 469470 | H13: =IF(B13="","",SUMIF(取込チェック!$C$6:$C$505,B13,取込チェック!$E$6:$E$505)) -> 1100000 | I13: =IF(B13="","",SUMIF(取込チェック!$C$6:$C$505,B13,取込チェック!$F$6:$F$505)) -> 1083300 | J13: =IF(F13<>1,"",IF(H13=0,"-",G13/H13)) -> 0.42679091 | K13: =IF(F13<>1,"",COUNTIFS($E$5:$E$304,E13,$F$5:$F$304,1,$B$5:$B$304,"<"&B13)+1) -> 9 | L13: =IF(K13="","",E13&"|"&K13) -> アルチビオ|9 | M13: =IF(F13<>1,"",IF(COUNTIFS($C$5:C13,C13,$F$5:F13,1)=1,1,0)) -> 1 | N13: =IF(M13<>1,"",_xlfn.MINIFS($B$5:$B$304,$C$5:$C$304,C13,$F$5:$F$304,1)) -> 32674400 | O13: =IF(M13<>1,"",COUNTIFS($M$5:$M$304,1,$N$5:$N$304,"<"&N13)+1) -> 28 | P13: =IF(OR(B13="",取込チェック!$K$3=0),"",SUMIF(取込チェック!$K$6:$K$505,B13,取込チェック!$L$6:$L$505)) -> 206800 | Q13: =IF(OR(B13="",取込チェック!$K$3=0),"",SUMIF(取込チェック!$K$6:$K$505,B13,取込チェック!$M$6:$M$505)) -> 923300 | R13: =IF(P13="","",G13-P13) -> 262670 | S13: =IF(Q13="","",I13-Q13) -> 160000
A14: =IF(B14="","",ROW()-4) -> 10 | B14: 32674900 | C14: 松屋銀座本店 | D14: アルチビオ | E14: アルチビオ | F14: =IF(B14="","",IF(COUNTIF(取込チェック!$C$6:$C$505,B14)>0,1,0)) -> 1 | G14: =IF(B14="","",SUMIF(取込チェック!$C$6:$C$505,B14,取込チェック!$D$6:$D$505)) -> 1425313 | H14: =IF(B14="","",SUMIF(取込チェック!$C$6:$C$505,B14,取込チェック!$E$6:$E$505)) -> 2512000 | I14: =IF(B14="","",SUMIF(取込チェック!$C$6:$C$505,B14,取込チェック!$F$6:$F$505)) -> 1955945 | J14: =IF(F14<>1,"",IF(H14=0,"-",G14/H14)) -> 0.56740167 | K14: =IF(F14<>1,"",COUNTIFS($E$5:$E$304,E14,$F$5:$F$304,1,$B$5:$B$304,"<"&B14)+1) -> 10 | L14: =IF(K14="","",E14&"|"&K14) -> アルチビオ|10 | M14: =IF(F14<>1,"",IF(COUNTIFS($C$5:C14,C14,$F$5:F14,1)=1,1,0)) -> 1 | N14: =IF(M14<>1,"",_xlfn.MINIFS($B$5:$B$304,$C$5:$C$304,C14,$F$5:$F$304,1)) -> 32673300 | O14: =IF(M14<>1,"",COUNTIFS($M$5:$M$304,1,$N$5:$N$304,"<"&N14)+1) -> 26 | P14: =IF(OR(B14="",取込チェック!$K$3=0),"",SUMIF(取込チェック!$K$6:$K$505,B14,取込チェック!$L$6:$L$505)) -> 1207333 | Q14: =IF(OR(B14="",取込チェック!$K$3=0),"",SUMIF(取込チェック!$K$6:$K$505,B14,取込チェック!$M$6:$M$505)) -> 1911245 | R14: =IF(P14="","",G14-P14) -> 217980 | S14: =IF(Q14="","",I14-Q14) -> 44700
A15: =IF(B15="","",ROW()-4) -> 11 | B15: 32680600 | C15: 那須ガーデンアウトレット店 | D15: アルチビオ | E15: アルチビオ | F15: =IF(B15="","",IF(COUNTIF(取込チェック!$C$6:$C$505,B15)>0,1,0)) -> 1 | G15: =IF(B15="","",SUMIF(取込チェック!$C$6:$C$505,B15,取込チェック!$D$6:$D$505)) -> 1066595 | H15: =IF(B15="","",SUMIF(取込チェック!$C$6:$C$505,B15,取込チェック!$E$6:$E$505)) -> 2600000 | I15: =IF(B15="","",SUMIF(取込チェック!$C$6:$C$505,B15,取込チェック!$F$6:$F$505)) -> 1845195 | J15: =IF(F15<>1,"",IF(H15=0,"-",G15/H15)) -> 0.41022885 | K15: =IF(F15<>1,"",COUNTIFS($E$5:$E$304,E15,$F$5:$F$304,1,$B$5:$B$304,"<"&B15)+1) -> 11 | L15: =IF(K15="","",E15&"|"&K15) -> アルチビオ|11 | M15: =IF(F15<>1,"",IF(COUNTIFS($C$5:C15,C15,$F$5:F15,1)=1,1,0)) -> 1 | N15: =IF(M15<>1,"",_xlfn.MINIFS($B$5:$B$304,$C$5:$C$304,C15,$F$5:$F$304,1)) -> 32680600 | O15: =IF(M15<>1,"",COUNTIFS($M$5:$M$304,1,$N$5:$N$304,"<"&N15)+1) -> 37 | P15: =IF(OR(B15="",取込チェック!$K$3=0),"",SUMIF(取込チェック!$K$6:$K$505,B15,取込チェック!$L$6:$L$505)) -> -4655 | Q15: =IF(OR(B15="",取込チェック!$K$3=0),"",SUMIF(取込チェック!$K$6:$K$505,B15,取込チェック!$M$6:$M$505)) -> 7355 | R15: =IF(P15="","",G15-P15) -> 1071250 | S15: =IF(Q15="","",I15-Q15) -> 1837840
A16: =IF(B16="","",ROW()-4) -> 12 | B16: 32570200 | C16: 高島屋大阪店 | D16: スタジオピッコーネ・ピッコーネクラブ | E16: スタジオピッコーネ／ピッコーネクラブ | F16: =IF(B16="","",IF(COUNTIF(取込チェック!$C$6:$C$505,B16)>0,1,0)) -> 1 | G16: =IF(B16="","",SUMIF(取込チェック!$C$6:$C$505,B16,取込チェック!$D$6:$D$505)) -> 3137700 | H16: =IF(B16="","",SUMIF(取込チェック!$C$6:$C$505,B16,取込チェック!$E$6:$E$505)) -> 4320000 | I16: =IF(B16="","",SUMIF(取込チェック!$C$6:$C$505,B16,取込チェック!$F$6:$F$505)) -> 4174590 | J16: =IF(F16<>1,"",IF(H16=0,"-",G16/H16)) -> 0.72631944 | K16: =IF(F16<>1,"",COUNTIFS($E$5:$E$304,E16,$F$5:$F$304,1,$B$5:$B$304,"<"&B16)+1) -> 1 | L16: =IF(K16="","",E16&"|"&K16) -> スタジオピッコーネ／ピッコーネクラブ|1 | M16: =IF(F16<>1,"",IF(COUNTIFS($C$5:C16,C16,$F$5:F16,1)=1,1,0)) -> 0 | N16: =IF(M16<>1,"",_xlfn.MINIFS($B$5:$B$304,$C$5:$C$304,C16,$F$5:$F$304,1)) | O16: =IF(M16<>1,"",COUNTIFS($M$5:$M$304,1,$N$5:$N$304,"<"&N16)+1) | P16: =IF(OR(B16="",取込チェック!$K$3=0),"",SUMIF(取込チェック!$K$6:$K$505,B16,取込チェック!$L$6:$L$505)) -> 3137700 | Q16: =IF(OR(B16="",取込チェック!$K$3=0),"",SUMIF(取込チェック!$K$6:$K$505,B16,取込チェック!$M$6:$M$505)) -> 4174590 | R16: =IF(P16="","",G16-P16) -> 0 | S16: =IF(Q16="","",I16-Q16) -> 0
A17: =IF(B17="","",ROW()-4) -> 13 | B17: 32572600 | C17: 大丸福岡天神店 | D17: スタジオピッコーネ・ピッコーネクラブ | E17: スタジオピッコーネ／ピッコーネクラブ | F17: =IF(B17="","",IF(COUNTIF(取込チェック!$C$6:$C$505,B17)>0,1,0)) -> 1 | G17: =IF(B17="","",SUMIF(取込チェック!$C$6:$C$505,B17,取込チェック!$D$6:$D$505)) -> 2083600 | H17: =IF(B17="","",SUMIF(取込チェック!$C$6:$C$505,B17,取込チェック!$E$6:$E$505)) -> 2100000 | I17: =IF(B17="","",SUMIF(取込チェック!$C$6:$C$505,B17,取込チェック!$F$6:$F$505)) -> 1633800 | J17: =IF(F17<>1,"",IF(H17=0,"-",G17/H17)) -> 0.99219048 | K17: =IF(F17<>1,"",COUNTIFS($E$5:$E$304,E17,$F$5:$F$304,1,$B$5:$B$304,"<"&B17)+1) -> 2 | L17: =IF(K17="","",E17&"|"&K17) -> スタジオピッコーネ／ピッコーネクラブ|2 | M17: =IF(F17<>1,"",IF(COUNTIFS($C$5:C17,C17,$F$5:F17,1)=1,1,0)) -> 1 | N17: =IF(M17<>1,"",_xlfn.MINIFS($B$5:$B$304,$C$5:$C$304,C17,$F$5:$F$304,1)) -> 32572600 | O17: =IF(M17<>1,"",COUNTIFS($M$5:$M$304,1,$N$5:$N$304,"<"&N17)+1) -> 6 | P17: =IF(OR(B17="",取込チェック!$K$3=0),"",SUMIF(取込チェック!$K$6:$K$505,B17,取込チェック!$L$6:$L$505)) -> 1681900 | Q17: =IF(OR(B17="",取込チェック!$K$3=0),"",SUMIF(取込チェック!$K$6:$K$505,B17,取込チェック!$M$6:$M$505)) -> 1430500 | R17: =IF(P17="","",G17-P17) -> 401700 | S17: =IF(Q17="","",I17-Q17) -> 203300
A18: =IF(B18="","",ROW()-4) -> 14 | B18: 32573200 | C18: あべのハルカス近鉄本店 | D18: スタジオピッコーネ | E18: スタジオピッコーネ／ピッコーネクラブ | F18: =IF(B18="","",IF(COUNTIF(取込チェック!$C$6:$C$505,B18)>0,1,0)) -> 1 | G18: =IF(B18="","",SUMIF(取込チェック!$C$6:$C$505,B18,取込チェック!$D$6:$D$505)) -> 3507580 | H18: =IF(B18="","",SUMIF(取込チェック!$C$6:$C$505,B18,取込チェック!$E$6:$E$505)) -> 4120000 | I18: =IF(B18="","",SUMIF(取込チェック!$C$6:$C$505,B18,取込チェック!$F$6:$F$505)) -> 4003095 | J18: =IF(F18<>1,"",IF(H18=0,"-",G18/H18)) -> 0.85135437 | K18: =IF(F18<>1,"",COUNTIFS($E$5:$E$304,E18,$F$5:$F$304,1,$B$5:$B$304,"<"&B18)+1) -> 3 | L18: =IF(K18="","",E18&"|"&K18) -> スタジオピッコーネ／ピッコーネクラブ|3 | M18: =IF(F18<>1,"",IF(COUNTIFS($C$5:C18,C18,$F$5:F18,1)=1,1,0)) -> 1 | N18: =IF(M18<>1,"",_xlfn.MINIFS($B$5:$B$304,$C$5:$C$304,C18,$F$5:$F$304,1)) -> 32573200 | O18: =IF(M18<>1,"",COUNTIFS($M$5:$M$304,1,$N$5:$N$304,"<"&N18)+1) -> 7 | P18: =IF(OR(B18="",取込チェック!$K$3=0),"",SUMIF(取込チェック!$K$6:$K$505,B18,取込チェック!$L$6:$L$505)) -> 3507580 | Q18: =IF(OR(B18="",取込チェック!$K$3=0),"",SUMIF(取込チェック!$K$6:$K$505,B18,取込チェック!$M$6:$M$505)) -> 4003095 | R18: =IF(P18="","",G18-P18) -> 0 | S18: =IF(Q18="","",I18-Q18) -> 0
A19: =IF(B19="","",ROW()-4) -> 15 | B19: 32573400 | C19: 近鉄百貨店和歌山店 | D19: スタジオピッコーネ・ピッコーネクラブ | E19: スタジオピッコーネ／ピッコーネクラブ | F19: =IF(B19="","",IF(COUNTIF(取込チェック!$C$6:$C$505,B19)>0,1,0)) -> 1 | G19: =IF(B19="","",SUMIF(取込チェック!$C$6:$C$505,B19,取込チェック!$D$6:$D$505)) -> 1872645 | H19: =IF(B19="","",SUMIF(取込チェック!$C$6:$C$505,B19,取込チェック!$E$6:$E$505)) -> 2300000 | I19: =IF(B19="","",SUMIF(取込チェック!$C$6:$C$505,B19,取込チェック!$F$6:$F$505)) -> 2355195 | J19: =IF(F19<>1,"",IF(H19=0,"-",G19/H19)) -> 0.81419348 | K19: =IF(F19<>1,"",COUNTIFS($E$5:$E$304,E19,$F$5:$F$304,1,$B$5:$B$304,"<"&B19)+1) -> 4 | L19: =IF(K19="","",E19&"|"&K19) -> スタジオピッコーネ／ピッコーネクラブ|4 | M19: =IF(F19<>1,"",IF(COUNTIFS($C$5:C19,C19,$F$5:F19,1)=1,1,0)) -> 1 | N19: =IF(M19<>1,"",_xlfn.MINIFS($B$5:$B$304,$C$5:$C$304,C19,$F$5:$F$304,1)) -> 32573400 | O19: =IF(M19<>1,"",COUNTIFS($M$5:$M$304,1,$N$5:$N$304,"<"&N19)+1) -> 8 | P19: =IF(OR(B19="",取込チェック!$K$3=0),"",SUMIF(取込チェック!$K$6:$K$505,B19,取込チェック!$L$6:$L$505)) -> 1742245 | Q19: =IF(OR(B19="",取込チェック!$K$3=0),"",SUMIF(取込チェック!$K$6:$K$505,B19,取込チェック!$M$6:$M$505)) -> 2097495 | R19: =IF(P19="","",G19-P19) -> 130400 | S19: =IF(Q19="","",I19-Q19) -> 257700
A20: =IF(B20="","",ROW()-4) -> 16 | B20: 32573700 | C20: 近鉄百貨店上本町店 | D20: スタジオピッコーネ・ピッコーネクラブ | E20: スタジオピッコーネ／ピッコーネクラブ | F20: =IF(B20="","",IF(COUNTIF(取込チェック!$C$6:$C$505,B20)>0,1,0)) -> 1 | G20: =IF(B20="","",SUMIF(取込チェック!$C$6:$C$505,B20,取込チェック!$D$6:$D$505)) -> 2637800 | H20: =IF(B20="","",SUMIF(取込チェック!$C$6:$C$505,B20,取込チェック!$E$6:$E$505)) -> 1950000 | I20: =IF(B20="","",SUMIF(取込チェック!$C$6:$C$505,B20,取込チェック!$F$6:$F$505)) -> 1931500 | J20: =IF(F20<>1,"",IF(H20=0,"-",G20/H20)) -> 1.3527179 | K20: =IF(F20<>1,"",COUNTIFS($E$5:$E$304,E20,$F$5:$F$304,1,$B$5:$B$304,"<"&B20)+1) -> 5 | L20: =IF(K20="","",E20&"|"&K20) -> スタジオピッコーネ／ピッコーネクラブ|5 | M20: =IF(F20<>1,"",IF(COUNTIFS($C$5:C20,C20,$F$5:F20,1)=1,1,0)) -> 1 | N20: =IF(M20<>1,"",_xlfn.MINIFS($B$5:$B$304,$C$5:$C$304,C20,$F$5:$F$304,1)) -> 32573700 | O20: =IF(M20<>1,"",COUNTIFS($M$5:$M$304,1,$N$5:$N$304,"<"&N20)+1) -> 9 | P20: =IF(OR(B20="",取込チェック!$K$3=0),"",SUMIF(取込チェック!$K$6:$K$505,B20,取込チェック!$L$6:$L$505)) -> 2566400 | Q20: =IF(OR(B20="",取込チェック!$K$3=0),"",SUMIF(取込チェック!$K$6:$K$505,B20,取込チェック!$M$6:$M$505)) -> 1559100 | R20: =IF(P20="","",G20-P20) -> 71400 | S20: =IF(Q20="","",I20-Q20) -> 372400
A21: =IF(B21="","",ROW()-4) -> 17 | B21: 32573800 | C21: 近鉄百貨店奈良店 | D21: スタジオピッコーネ・ピッコーネクラブ | E21: スタジオピッコーネ／ピッコーネクラブ | F21: =IF(B21="","",IF(COUNTIF(取込チェック!$C$6:$C$505,B21)>0,1,0)) -> 1 | G21: =IF(B21="","",SUMIF(取込チェック!$C$6:$C$505,B21,取込チェック!$D$6:$D$505)) -> 3204200 | H21: =IF(B21="","",SUMIF(取込チェック!$C$6:$C$505,B21,取込チェック!$E$6:$E$505)) -> 3150000 | I21: =IF(B21="","",SUMIF(取込チェック!$C$6:$C$505,B21,取込チェック!$F$6:$F$505)) -> 3186800 | J21: =IF(F21<>1,"",IF(H21=0,"-",G21/H21)) -> 1.0172063 | K21: =IF(F21<>1,"",COUNTIFS($E$5:$E$304,E21,$F$5:$F$304,1,$B$5:$B$304,"<"&B21)+1) -> 6 | L21: =IF(K21="","",E21&"|"&K21) -> スタジオピッコーネ／ピッコーネクラブ|6 | M21: =IF(F21<>1,"",IF(COUNTIFS($C$5:C21,C21,$F$5:F21,1)=1,1,0)) -> 1 | N21: =IF(M21<>1,"",_xlfn.MINIFS($B$5:$B$304,$C$5:$C$304,C21,$F$5:$F$304,1)) -> 32573800 | O21: =IF(M21<>1,"",COUNTIFS($M$5:$M$304,1,$N$5:$N$304,"<"&N21)+1) -> 10 | P21: =IF(OR(B21="",取込チェック!$K$3=0),"",SUMIF(取込チェック!$K$6:$K$505,B21,取込チェック!$L$6:$L$505)) -> 2538670 | Q21: =IF(OR(B21="",取込チェック!$K$3=0),"",SUMIF(取込チェック!$K$6:$K$505,B21,取込チェック!$M$6:$M$505)) -> 2928400 | R21: =IF(P21="","",G21-P21) -> 665530 | S21: =IF(Q21="","",I21-Q21) -> 258400
... A48: =IF(B48="","",ROW()-4) -> 44 | B48: 32671500 | C48: 札幌三越 | D48: ピッコーネ・アルチビオ | E48: 複合（アルチビオ＋ピッコーネ系） | F48: =IF(B48="","",IF(COUNTIF(取込チェック!$C$6:$C$505,B48)>0,1,0)) -> 1 | G48: =IF(B48="","",SUMIF(取込チェック!$C$6:$C$505,B48,取込チェック!$D$6:$D$505)) -> 2572970 | H48: =IF(B48="","",SUMIF(取込チェック!$C$6:$C$505,B48,取込チェック!$E$6:$E$505)) -> 3404000 | I48: =IF(B48="","",SUMIF(取込チェック!$C$6:$C$505,B48,取込チェック!$F$6:$F$505)) -> 3225660 | J48: =IF(F48<>1,"",IF(H48=0,"-",G48/H48)) -> 0.75586663 | K48: =IF(F48<>1,"",COUNTIFS($E$5:$E$304,E48,$F$5:$F$304,1,$B$5:$B$304,"<"&B48)+1) -> 5 | L48: =IF(K48="","",E48&"|"&K48) -> 複合（アルチビオ＋ピッコーネ系）|5 | M48: =IF(F48<>1,"",IF(COUNTIFS($C$5:C48,C48,$F$5:F48,1)=1,1,0)) -> 1 | N48: =IF(M48<>1,"",_xlfn.MINIFS($B$5:$B$304,$C$5:$C$304,C48,$F$5:$F$304,1)) -> 32671500 | O48: =IF(M48<>1,"",COUNTIFS($M$5:$M$304,1,$N$5:$N$304,"<"&N48)+1) -> 24 | P48: =IF(OR(B48="",取込チェック!$K$3=0),"",SUMIF(取込チェック!$K$6:$K$505,B48,取込チェック!$L$6:$L$505)) -> 1960000 | Q48: =IF(OR(B48="",取込チェック!$K$3=0),"",SUMIF(取込チェック!$K$6:$K$505,B48,取込チェック!$M$6:$M$505)) -> 2635200 | R48: =IF(P48="","",G48-P48) -> 612970 | S48: =IF(Q48="","",I48-Q48) -> 590460
A49: =IF(B49="","",ROW()-4) | F49: =IF(B49="","",IF(COUNTIF(取込チェック!$C$6:$C$505,B49)>0,1,0)) | G49: =IF(B49="","",SUMIF(取込チェック!$C$6:$C$505,B49,取込チェック!$D$6:$D$505)) | H49: =IF(B49="","",SUMIF(取込チェック!$C$6:$C$505,B49,取込チェック!$E$6:$E$505)) | I49: =IF(B49="","",SUMIF(取込チェック!$C$6:$C$505,B49,取込チェック!$F$6:$F$505)) | J49: =IF(F49<>1,"",IF(H49=0,"-",G49/H49)) | K49: =IF(F49<>1,"",COUNTIFS($E$5:$E$304,E49,$F$5:$F$304,1,$B$5:$B$304,"<"&B49)+1) | L49: =IF(K49="","",E49&"|"&K49) | M49: =IF(F49<>1,"",IF(COUNTIFS($C$5:C49,C49,$F$5:F49,1)=1,1,0)) | N49: =IF(M49<>1,"",_xlfn.MINIFS($B$5:$B$304,$C$5:$C$304,C49,$F$5:$F$304,1)) | O49: =IF(M49<>1,"",COUNTIFS($M$5:$M$304,1,$N$5:$N$304,"<"&N49)+1) | P49: =IF(OR(B49="",取込チェック!$K$3=0),"",SUMIF(取込チェック!$K$6:$K$505,B49,取込チェック!$L$6:$L$505)) | Q49: =IF(OR(B49="",取込チェック!$K$3=0),"",SUMIF(取込チェック!$K$6:$K$505,B49,取込チェック!$M$6:$M$505)) | R49: =IF(P49="","",G49-P49) | S49: =IF(Q49="","",I49-Q49)
A50: =IF(B50="","",ROW()-4) | F50: =IF(B50="","",IF(COUNTIF(取込チェック!$C$6:$C$505,B50)>0,1,0)) | G50: =IF(B50="","",SUMIF(取込チェック!$C$6:$C$505,B50,取込チェック!$D$6:$D$505)) | H50: =IF(B50="","",SUMIF(取込チェック!$C$6:$C$505,B50,取込チェック!$E$6:$E$505)) | I50: =IF(B50="","",SUMIF(取込チェック!$C$6:$C$505,B50,取込チェック!$F$6:$F$505)) | J50: =IF(F50<>1,"",IF(H50=0,"-",G50/H50)) | K50: =IF(F50<>1,"",COUNTIFS($E$5:$E$304,E50,$F$5:$F$304,1,$B$5:$B$304,"<"&B50)+1) | L50: =IF(K50="","",E50&"|"&K50) | M50: =IF(F50<>1,"",IF(COUNTIFS($C$5:C50,C50,$F$5:F50,1)=1,1,0)) | N50: =IF(M50<>1,"",_xlfn.MINIFS($B$5:$B$304,$C$5:$C$304,C50,$F$5:$F$304,1)) | O50: =IF(M50<>1,"",COUNTIFS($M$5:$M$304,1,$N$5:$N$304,"<"&N50)+1) | P50: =IF(OR(B50="",取込チェック!$K$3=0),"",SUMIF(取込チェック!$K$6:$K$505,B50,取込チェック!$L$6:$L$505)) | Q50: =IF(OR(B50="",取込チェック!$K$3=0),"",SUMIF(取込チェック!$K$6:$K$505,B50,取込チェック!$M$6:$M$505)) | R50: =IF(P50="","",G50-P50) | S50: =IF(Q50="","",I50-Q50)
A51: =IF(B51="","",ROW()-4) | F51: =IF(B51="","",IF(COUNTIF(取込チェック!$C$6:$C$505,B51)>0,1,0)) | G51: =IF(B51="","",SUMIF(取込チェック!$C$6:$C$505,B51,取込チェック!$D$6:$D$505)) | H51: =IF(B51="","",SUMIF(取込チェック!$C$6:$C$505,B51,取込チェック!$E$6:$E$505)) | I51: =IF(B51="","",SUMIF(取込チェック!$C$6:$C$505,B51,取込チェック!$F$6:$F$505)) | J51: =IF(F51<>1,"",IF(H51=0,"-",G51/H51)) | K51: =IF(F51<>1,"",COUNTIFS($E$5:$E$304,E51,$F$5:$F$304,1,$B$5:$B$304,"<"&B51)+1) | L51: =IF(K51="","",E51&"|"&K51) | M51: =IF(F51<>1,"",IF(COUNTIFS($C$5:C51,C51,$F$5:F51,1)=1,1,0)) | N51: =IF(M51<>1,"",_xlfn.MINIFS($B$5:$B$304,$C$5:$C$304,C51,$F$5:$F$304,1)) | O51: =IF(M51<>1,"",COUNTIFS($M$5:$M$304,1,$N$5:$N$304,"<"&N51)+1) | P51: =IF(OR(B51="",取込チェック!$K$3=0),"",SUMIF(取込チェック!$K$6:$K$505,B51,取込チェック!$L$6:$L$505)) | Q51: =IF(OR(B51="",取込チェック!$K$3=0),"",SUMIF(取込チェック!$K$6:$K$505,B51,取込チェック!$M$6:$M$505)) | R51: =IF(P51="","",G51-P51) | S51: =IF(Q51="","",I51-Q51)
A52: =IF(B52="","",ROW()-4) | F52: =IF(B52="","",IF(COUNTIF(取込チェック!$C$6:$C$505,B52)>0,1,0)) | G52: =IF(B52="","",SUMIF(取込チェック!$C$6:$C$505,B52,取込チェック!$D$6:$D$505)) | H52: =IF(B52="","",SUMIF(取込チェック!$C$6:$C$505,B52,取込チェック!$E$6:$E$505)) | I52: =IF(B52="","",SUMIF(取込チェック!$C$6:$C$505,B52,取込チェック!$F$6:$F$505)) | J52: =IF(F52<>1,"",IF(H52=0,"-",G52/H52)) | K52: =IF(F52<>1,"",COUNTIFS($E$5:$E$304,E52,$F$5:$F$304,1,$B$5:$B$304,"<"&B52)+1) | L52: =IF(K52="","",E52&"|"&K52) | M52: =IF(F52<>1,"",IF(COUNTIFS($C$5:C52,C52,$F$5:F52,1)=1,1,0)) | N52: =IF(M52<>1,"",_xlfn.MINIFS($B$5:$B$304,$C$5:$C$304,C52,$F$5:$F$304,1)) | O52: =IF(M52<>1,"",COUNTIFS($M$5:$M$304,1,$N$5:$N$304,"<"&N52)+1) | P52: =IF(OR(B52="",取込チェック!$K$3=0),"",SUMIF(取込チェック!$K$6:$K$505,B52,取込チェック!$L$6:$L$505)) | Q52: =IF(OR(B52="",取込チェック!$K$3=0),"",SUMIF(取込チェック!$K$6:$K$505,B52,取込チェック!$M$6:$M$505)) | R52: =IF(P52="","",G52-P52) | S52: =IF(Q52="","",I52-Q52)
A53: =IF(B53="","",ROW()-4) | F53: =IF(B53="","",IF(COUNTIF(取込チェック!$C$6:$C$505,B53)>0,1,0)) | G53: =IF(B53="","",SUMIF(取込チェック!$C$6:$C$505,B53,取込チェック!$D$6:$D$505)) | H53: =IF(B53="","",SUMIF(取込チェック!$C$6:$C$505,B53,取込チェック!$E$6:$E$505)) | I53: =IF(B53="","",SUMIF(取込チェック!$C$6:$C$505,B53,取込チェック!$F$6:$F$505)) | J53: =IF(F53<>1,"",IF(H53=0,"-",G53/H53)) | K53: =IF(F53<>1,"",COUNTIFS($E$5:$E$304,E53,$F$5:$F$304,1,$B$5:$B$304,"<"&B53)+1) | L53: =IF(K53="","",E53&"|"&K53) | M53: =IF(F53<>1,"",IF(COUNTIFS($C$5:C53,C53,$F$5:F53,1)=1,1,0)) | N53: =IF(M53<>1,"",_xlfn.MINIFS($B$5:$B$304,$C$5:$C$304,C53,$F$5:$F$304,1)) | O53: =IF(M53<>1,"",COUNTIFS($M$5:$M$304,1,$N$5:$N$304,"<"&N53)+1) | P53: =IF(OR(B53="",取込チェック!$K$3=0),"",SUMIF(取込チェック!$K$6:$K$505,B53,取込チェック!$L$6:$L$505)) | Q53: =IF(OR(B53="",取込チェック!$K$3=0),"",SUMIF(取込チェック!$K$6:$K$505,B53,取込チェック!$M$6:$M$505)) | R53: =IF(P53="","",G53-P53) | S53: =IF(Q53="","",I53-Q53)
A54: =IF(B54="","",ROW()-4) | F54: =IF(B54="","",IF(COUNTIF(取込チェック!$C$6:$C$505,B54)>0,1,0)) | G54: =IF(B54="","",SUMIF(取込チェック!$C$6:$C$505,B54,取込チェック!$D$6:$D$505)) | H54: =IF(B54="","",SUMIF(取込チェック!$C$6:$C$505,B54,取込チェック!$E$6:$E$505)) | I54: =IF(B54="","",SUMIF(取込チェック!$C$6:$C$505,B54,取込チェック!$F$6:$F$505)) | J54: =IF(F54<>1,"",IF(H54=0,"-",G54/H54)) | K54: =IF(F54<>1,"",COUNTIFS($E$5:$E$304,E54,$F$5:$F$304,1,$B$5:$B$304,"<"&B54)+1) | L54: =IF(K54="","",E54&"|"&K54) | M54: =IF(F54<>1,"",IF(COUNTIFS($C$5:C54,C54,$F$5:F54,1)=1,1,0)) | N54: =IF(M54<>1,"",_xlfn.MINIFS($B$5:$B$304,$C$5:$C$304,C54,$F$5:$F$304,1)) | O54: =IF(M54<>1,"",COUNTIFS($M$5:$M$304,1,$N$5:$N$304,"<"&N54)+1) | P54: =IF(OR(B54="",取込チェック!$K$3=0),"",SUMIF(取込チェック!$K$6:$K$505,B54,取込チェック!$L$6:$L$505)) | Q54: =IF(OR(B54="",取込チェック!$K$3=0),"",SUMIF(取込チェック!$K$6:$K$505,B54,取込チェック!$M$6:$M$505)) | R54: =IF(P54="","",G54-P54) | S54: =IF(Q54="","",I54-Q54)
A55: =IF(B55="","",ROW()-4) | F55: =IF(B55="","",IF(COUNTIF(取込チェック!$C$6:$C$505,B55)>0,1,0)) | G55: =IF(B55="","",SUMIF(取込チェック!$C$6:$C$505,B55,取込チェック!$D$6:$D$505)) | H55: =IF(B55="","",SUMIF(取込チェック!$C$6:$C$505,B55,取込チェック!$E$6:$E$505)) | I55: =IF(B55="","",SUMIF(取込チェック!$C$6:$C$505,B55,取込チェック!$F$6:$F$505)) | J55: =IF(F55<>1,"",IF(H55=0,"-",G55/H55)) | K55: =IF(F55<>1,"",COUNTIFS($E$5:$E$304,E55,$F$5:$F$304,1,$B$5:$B$304,"<"&B55)+1) | L55: =IF(K55="","",E55&"|"&K55) | M55: =IF(F55<>1,"",IF(COUNTIFS($C$5:C55,C55,$F$5:F55,1)=1,1,0)) | N55: =IF(M55<>1,"",_xlfn.MINIFS($B$5:$B$304,$C$5:$C$304,C55,$F$5:$F$304,1)) | O55: =IF(M55<>1,"",COUNTIFS($M$5:$M$304,1,$N$5:$N$304,"<"&N55)+1) | P55: =IF(OR(B55="",取込チェック!$K$3=0),"",SUMIF(取込チェック!$K$6:$K$505,B55,取込チェック!$L$6:$L$505)) | Q55: =IF(OR(B55="",取込チェック!$K$3=0),"",SUMIF(取込チェック!$K$6:$K$505,B55,取込チェック!$M$6:$M$505)) | R55: =IF(P55="","",G55-P55) | S55: =IF(Q55="","",I55-Q55)
